SRA run,Habitat,AvgSpotLen,Bioproject,Instrument,Country,Continent,Geographic coordinates,Latitude,Longitude
SRR7004198,Peatlands,302,PRJNA443510,Illumina HiSeq 2500,Colombia,South America,3.8381 N 73.3194 W,3.8381,-73.3194
SRR7004201,Peatlands,302,PRJNA443513,Illumina HiSeq 2500,Colombia,South America,3.8381 N 73.3194 W,3.8381,-73.3194
SRR7004200,Peatlands,302,PRJNA443515,Illumina HiSeq 2500,Colombia,South America,4.0627 N 73.1950 W,4.0627,-73.195
SRR7004204,Peatlands,302,PRJNA443517,Illumina HiSeq 2500,Colombia,South America,4.0627 N 73.1950 W,4.0627,-73.195
SRR7004334,Peatlands,302,PRJNA443519,Illumina HiSeq 2500,Colombia,South America,4.2396 N 73.2024 W,4.2396,-73.2024
SRR7004335,Peatlands,302,PRJNA443521,Illumina HiSeq 2500,Colombia,South America,4.2396 N 73.2024 W,4.2396,-73.2024
SRR7004340,Peatlands,302,PRJNA443524,Illumina HiSeq 2500,Colombia,South America,3.8381 N 73.3194 W,3.8381,-73.3194
SRR7004341,Peatlands,302,PRJNA443525,Illumina HiSeq 2500,Colombia,South America,3.8381 N 73.3194 W,3.8381,-73.3194
SRR7004337,Peatlands,302,PRJNA443526,Illumina HiSeq 2500,Colombia,South America,4.0627 N 73.1950 W,4.0627,-73.195
SRR7004342,Peatlands,302,PRJNA443527,Illumina HiSeq 2500,Colombia,South America,4.0627 N 73.1950 W,4.0627,-73.195
SRR7004343,Peatlands,302,PRJNA443528,Illumina HiSeq 2500,Colombia,South America,4.0627 N 73.1950 W,4.0627,-73.195
SRR7004344,Peatlands,302,PRJNA443529,Illumina HiSeq 2500,Colombia,South America,4.0627 N 73.1950 W,4.0627,-73.195
SRR7004347,Peatlands,302,PRJNA443531,Illumina HiSeq 2500,Colombia,South America,4.2396 N 73.2024 W,4.2396,-73.2024
SRR7006909,Peatlands,302,PRJNA443533,Illumina HiSeq 2500,Colombia,South America,4.2396 N 73.2024 W,4.2396,-73.2024
SRR10854850,Peatlands,302,PRJNA570310,Illumina NovaSeq 6000,Peru,South America,4.5438 S 74.6258 W,-4.5438,-74.6258
SRR10854858,Peatlands,302,PRJNA570311,Illumina NovaSeq 6000,Peru,South America,4.5438 S 74.6258 W,-4.5438,-74.6258
SRR10854759,Peatlands,302,PRJNA570414,Illumina NovaSeq 6000,Peru,South America,4.0712 S 73.2029 W,-4.0712,-73.2029
SRR10854750,Peatlands,302,PRJNA570415,Illumina NovaSeq 6000,Peru,South America,6.3272 S 74.8136 W,-6.3272,-74.8136
SRR10854783,Peatlands,302,PRJNA570416,Illumina NovaSeq 6000,Peru,South America,6.3272 S 74.8136 W,-6.3272,-74.8136
SRR10854792,Peatlands,302,PRJNA570417,Illumina NovaSeq 6000,Peru,South America,6.3272 S 74.8136 W,-6.3272,-74.8136
SRR10854808,Peatlands,302,PRJNA570419,Illumina NovaSeq 6000,Peru,South America,6.3272 S 74.8136 W,-6.3272,-74.8136
SRR10854827,Peatlands,302,PRJNA570420,Illumina NovaSeq 6000,Peru,South America,6.3272 S 74.8136 W,-6.3272,-74.8136
SRR10854829,Peatlands,302,PRJNA570421,Illumina NovaSeq 6000,Peru,South America,4.5438 S 74.6258 W,-4.5438,-74.6258
SRR10854835,Peatlands,302,PRJNA570422,Illumina NovaSeq 6000,Peru,South America,4.5438 S 74.6258 W,-4.5438,-74.6258
SRR10854813,Peatlands,302,PRJNA570423,Illumina NovaSeq 6000,Peru,South America,4.5438 S 74.6258 W,-4.5438,-74.6258
SRR11567489,Peatlands,302,PRJNA621940,Illumina NovaSeq 6000,Peru,South America,3.8385 S 73.3213 W,-3.8385,-73.3213
SRR18077944,Peatlands,302,PRJNA808433,Illumina NovaSeq 6000,USA,North America,25.888 N 80.707 W,25.888,-80.707
SRR18077946,Peatlands,302,PRJNA808433,Illumina NovaSeq 6000,USA,North America,26.300 N 80.447 W,26.3,-80.447
SRR18077947,Peatlands,302,PRJNA808433,Illumina NovaSeq 6000,USA,North America,26.419 N 80.474 W,26.419,-80.474
SRR18077948,Peatlands,302,PRJNA808433,Illumina NovaSeq 6000,USA,North America,26.093 N 80.801 W,26.093,-80.801
SRR18077949,Peatlands,302,PRJNA808433,Illumina NovaSeq 6000,USA,North America,26.071 N 80.786 W,26.071,-80.786
SRR18077950,Peatlands,302,PRJNA808433,Illumina NovaSeq 6000,USA,North America,25.888 N 80.707 W,25.888,-80.707
SRR18077952,Peatlands,302,PRJNA808433,Illumina NovaSeq 6000,USA,North America,25.888 N 80.707 W,25.888,-80.707
SRR18077953,Peatlands,302,PRJNA808433,Illumina NovaSeq 6000,USA,North America,26.093 N 80.801 W,26.093,-80.801
SRR18077954,Peatlands,302,PRJNA808433,Illumina NovaSeq 6000,USA,North America,26.071 N 80.786 W,26.071,-80.786
SRR18077955,Peatlands,302,PRJNA808433,Illumina NovaSeq 6000,USA,North America,26.300 N 80.447 W,26.3,-80.447
SRR18077956,Peatlands,302,PRJNA808433,Illumina NovaSeq 6000,USA,North America,26.419 N 80.474 W,26.419,-80.474
SRR18077958,Peatlands,302,PRJNA808433,Illumina NovaSeq 6000,USA,North America,26.093 N 80.801 W,26.093,-80.801
SRR18077959,Peatlands,302,PRJNA808433,Illumina NovaSeq 6000,USA,North America,26.071 N 80.786 W,26.071,-80.786
SRR18077960,Peatlands,302,PRJNA808433,Illumina NovaSeq 6000,USA,North America,26.300 N 80.447 W,26.3,-80.447
SRR18077961,Peatlands,302,PRJNA808433,Illumina NovaSeq 6000,USA,North America,26.419 N 80.474 W,26.419,-80.474
SRR6307338,Peatlands,302,PRJNA419081,Illumina HiSeq 2500,Chile,South America,55.10815 S 67.62295 W,-55.10815,-67.62295
SRR21679871,Peatlands,502,PRJNA883528,Illumina HiSeq 2500,Indonesia,Asia,1.68 S 103.83 E,-1.68,103.83
SRR21679866,Peatlands,502,PRJNA883528,Illumina HiSeq 2500,Indonesia,Asia,1.68 S 103.83 E,-1.68,103.83
SRR21679880,Peatlands,502,PRJNA883528,Illumina HiSeq 2500,Indonesia,Asia,1.68 S 103.83 E,-1.68,103.83
SRR21679865,Peatlands,502,PRJNA883528,Illumina HiSeq 2500,Indonesia,Asia,1.68 S 103.83 E,-1.68,103.83
SRR21679884,Peatlands,502,PRJNA883528,Illumina HiSeq 2500,Indonesia,Asia,1.68 S 103.83 E,-1.68,103.83
SRR21679862,Peatlands,502,PRJNA883528,Illumina HiSeq 2500,Indonesia,Asia,1.68 S 103.83 E,-1.68,103.83
SRR21679861,Peatlands,502,PRJNA883528,Illumina HiSeq 2500,Indonesia,Asia,1.68 S 103.83 E,-1.68,103.83
SRR21679873,Peatlands,502,PRJNA883528,Illumina HiSeq 2500,Indonesia,Asia,1.68 S 103.83 E,-1.68,103.83
SRR21679863,Peatlands,502,PRJNA883528,Illumina HiSeq 2500,Indonesia,Asia,1.68 S 103.83 E,-1.68,103.83
SRR21679882,Peatlands,502,PRJNA883528,Illumina HiSeq 2500,Indonesia,Asia,1.68 S 103.83 E,-1.68,103.83
SRR3989117,Peatlands,300,PRJNA330054,Illumina HiSeq 2000,USA,North America,71.28381 N 156.5985 W,71.28381,-156.5985
SRR3989121,Peatlands,300,PRJNA330055,Illumina HiSeq 2000,USA,North America,71.29055 N 156.788643 W,71.29055,-156.788643
SRR3989219,Peatlands,300,PRJNA330058,Illumina HiSeq 2000,USA,North America,71.28381 N 156.5985 W,71.28381,-156.5985
SRR3989220,Peatlands,300,PRJNA330059,Illumina HiSeq 2000,USA,North America,71.290565 N 156.788622 W,71.290565,-156.788622
SRR3989238,Peatlands,300,PRJNA330062,Illumina HiSeq 2000,USA,North America,71.290565 N 156.788622 W,71.290565,-156.788622
SRR3989239,Peatlands,300,PRJNA330063,Illumina HiSeq 2000,USA,North America,71.28381 N 156.5985 W,71.28381,-156.5985
SRR3989237,Peatlands,300,PRJNA330064,Illumina HiSeq 2000,USA,North America,71.28381 N 156.5985 W,71.28381,-156.5985
SRR3989240,Peatlands,300,PRJNA330065,Illumina HiSeq 2500,USA,North America,71.28381 N 156.5985 W,71.28381,-156.5985
SRR3989256,Peatlands,314,PRJNA330164,Illumina HiSeq 2000,USA,North America,71.28381 N 156.5985 W,71.28381,-156.5985
SRR3989255,Peatlands,314,PRJNA330165,Illumina HiSeq 2000,USA,North America,71.28381 N 156.5985 W,71.28381,-156.5985
SRR3989258,Peatlands,300,PRJNA330169,Illumina HiSeq 2000,USA,North America,71.290884 N 156.788063 W,71.290884,-156.788063
SRR3985390,Peatlands,300,PRJNA330277,Illumina HiSeq 2000,USA,North America,71.2999 N 156.61 W,71.2999,-156.61
SRR3985391,Peatlands,300,PRJNA330278,Illumina HiSeq 2000,USA,North America,71.2999 N 156.61 W,71.2999,-156.61
SRR3985396,Peatlands,300,PRJNA330279,Illumina HiSeq 2000,USA,North America,71.2999 N 156.61 W,71.2999,-156.61
SRR3985397,Peatlands,300,PRJNA330280,Illumina HiSeq 2000,USA,North America,71.2999 N 156.61 W,71.2999,-156.61
SRR3985395,Peatlands,300,PRJNA330281,Illumina HiSeq 2000,USA,North America,71.2999 N 156.61 W,71.2999,-156.61
SRR3984962,Peatlands,300,PRJNA330282,Illumina HiSeq 2000,USA,North America,71.2999 N 156.61 W,71.2999,-156.61
SRR3984961,Peatlands,300,PRJNA330283,Illumina HiSeq 2000,USA,North America,71.2999 N 156.61 W,71.2999,-156.61
SRR3985394,Peatlands,300,PRJNA330284,Illumina HiSeq 2000,USA,North America,71.2999 N 156.61 W,71.2999,-156.61
SRR3984960,Peatlands,300,PRJNA330286,Illumina HiSeq 2000,USA,North America,71.2999 N 156.61 W,71.2999,-156.61
SRR3985186,Peatlands,300,PRJNA330287,Illumina HiSeq 2000,USA,North America,71.2999 N 156.61 W,71.2999,-156.61
SRR3985418,Peatlands,300,PRJNA330288,Illumina HiSeq 2000,USA,North America,71.2999 N 156.61 W,71.2999,-156.61
SRR3985419,Peatlands,300,PRJNA330289,Illumina HiSeq 2000,USA,North America,71.2999 N 156.61 W,71.2999,-156.61
SRR3984963,Peatlands,300,PRJNA330290,Illumina HiSeq 2000,USA,North America,71.2999 N 156.61 W,71.2999,-156.61
SRR3985188,Peatlands,300,PRJNA330291,Illumina HiSeq 2000,USA,North America,71.2999 N 156.61 W,71.2999,-156.61
SRR3985421,Peatlands,300,PRJNA330292,Illumina HiSeq 2000,USA,North America,71.2999 N 156.61 W,71.2999,-156.61
SRR3985424,Peatlands,300,PRJNA330293,Illumina HiSeq 2000,USA,North America,71.2999 N 156.61 W,71.2999,-156.61
SRR3985190,Peatlands,300,PRJNA330294,Illumina HiSeq 2000,USA,North America,71.2999 N 156.61 W,71.2999,-156.61
SRR3985527,Peatlands,300,PRJNA330296,Illumina HiSeq 2000,USA,North America,71.2999 N 156.61 W,71.2999,-156.61
SRR8090375,Peatlands,300,PRJNA330299,Illumina HiSeq 2000,USA,North America,71.2999 N 156.61 W,71.2999,-156.61
SRR3985368,Peatlands,300,PRJNA330300,Illumina HiSeq 2000,USA,North America,71.2999 N 156.61 W,71.2999,-156.61
SRR3985370,Peatlands,300,PRJNA330303,Illumina HiSeq 2000,USA,North America,71.2999 N 156.61 W,71.2999,-156.61
SRR3985383,Peatlands,300,PRJNA330307,Illumina HiSeq 2000,USA,North America,71.2999 N 156.61 W,71.2999,-156.61
SRR3985385,Peatlands,300,PRJNA330311,Illumina HiSeq 2000,USA,North America,71.2999 N 156.61 W,71.2999,-156.61
SRR5823773,Peatlands,302,PRJNA364951,Illumina HiSeq 2500,USA,North America,47.5028 N 93.4828 W,47.5028,-93.4828
SRR5824231,Peatlands,302,PRJNA364952,Illumina HiSeq 2500,USA,North America,47.5028 N 93.4828 W,47.5028,-93.4828
SRR5824230,Peatlands,302,PRJNA364953,Illumina HiSeq 2500,USA,North America,47.5028 N 93.4828 W,47.5028,-93.4828
SRR5824233,Peatlands,302,PRJNA364954,Illumina HiSeq 2500,USA,North America,47.5028 N 93.4828 W,47.5028,-93.4828
SRR5824234,Peatlands,302,PRJNA364955,Illumina HiSeq 2500,USA,North America,47.5028 N 93.4828 W,47.5028,-93.4828
SRR5824229,Peatlands,302,PRJNA364956,Illumina HiSeq 2500,USA,North America,47.5028 N 93.4828 W,47.5028,-93.4828
SRR5824232,Peatlands,302,PRJNA364957,Illumina HiSeq 2500,USA,North America,47.5028 N 93.4828 W,47.5028,-93.4828
SRR5824228,Peatlands,302,PRJNA364958,Illumina HiSeq 2500,USA,North America,47.5028 N 93.4828 W,47.5028,-93.4828
SRR5824346,Peatlands,302,PRJNA364960,Illumina HiSeq 2500,USA,North America,47.5028 N 93.4828 W,47.5028,-93.4828
SRR5825477,Peatlands,302,PRJNA364961,Illumina HiSeq 2500,USA,North America,47.5028 N 93.4828 W,47.5028,-93.4828
SRR5825486,Peatlands,302,PRJNA364962,Illumina HiSeq 2500,USA,North America,47.5028 N 93.4828 W,47.5028,-93.4828
SRR5825480,Peatlands,302,PRJNA364963,Illumina HiSeq 2500,USA,North America,47.5028 N 93.4828 W,47.5028,-93.4828
SRR5825479,Peatlands,302,PRJNA364964,Illumina HiSeq 2500,USA,North America,47.5028 N 93.4828 W,47.5028,-93.4828
SRR5825482,Peatlands,302,PRJNA364965,Illumina HiSeq 2500,USA,North America,47.5028 N 93.4828 W,47.5028,-93.4828
SRR5825484,Peatlands,302,PRJNA364966,Illumina HiSeq 2500,USA,North America,47.5028 N 93.4828 W,47.5028,-93.4828
SRR5825478,Peatlands,302,PRJNA364967,Illumina HiSeq 2500,USA,North America,47.5028 N 93.4828 W,47.5028,-93.4828
SRR5825485,Peatlands,302,PRJNA364968,Illumina HiSeq 2500,USA,North America,47.5028 N 93.4828 W,47.5028,-93.4828
SRR5825842,Peatlands,302,PRJNA364970,Illumina HiSeq 2500,USA,North America,47.5028 N 93.4828 W,47.5028,-93.4828
SRR5825840,Peatlands,302,PRJNA364971,Illumina HiSeq 2500,USA,North America,47.5028 N 93.4828 W,47.5028,-93.4828
SRR5825841,Peatlands,302,PRJNA364973,Illumina HiSeq 2500,USA,North America,47.5028 N 93.4828 W,47.5028,-93.4828
SRR5825847,Peatlands,302,PRJNA364974,Illumina HiSeq 2500,USA,North America,47.5028 N 93.4828 W,47.5028,-93.4828
SRR5825844,Peatlands,302,PRJNA364975,Illumina HiSeq 2500,USA,North America,47.5028 N 93.4828 W,47.5028,-93.4828
SRR5825846,Peatlands,302,PRJNA364976,Illumina HiSeq 2500,USA,North America,47.5028 N 93.4828 W,47.5028,-93.4828
SRR5825845,Peatlands,302,PRJNA364977,Illumina HiSeq 2500,USA,North America,47.5028 N 93.4828 W,47.5028,-93.4828
SRR5829246,Peatlands,302,PRJNA364978,Illumina HiSeq 2500,USA,North America,47.5028 N 93.4828 W,47.5028,-93.4828
SRR5829222,Peatlands,302,PRJNA364979,Illumina HiSeq 2500,USA,North America,47.5028 N 93.4828 W,47.5028,-93.4828
SRR5828270,Peatlands,302,PRJNA364980,Illumina HiSeq 2500,USA,North America,47.5028 N 93.4828 W,47.5028,-93.4828
SRR5828267,Peatlands,302,PRJNA364981,Illumina HiSeq 2500,USA,North America,47.5028 N 93.4828 W,47.5028,-93.4828
SRR5828269,Peatlands,302,PRJNA364983,Illumina HiSeq 2500,USA,North America,47.5028 N 93.4828 W,47.5028,-93.4828
SRR5828265,Peatlands,302,PRJNA364985,Illumina HiSeq 2500,USA,North America,47.5028 N 93.4828 W,47.5028,-93.4828
SRR5828266,Peatlands,302,PRJNA364987,Illumina HiSeq 2500,USA,North America,47.5028 N 93.4828 W,47.5028,-93.4828
SRR5828611,Peatlands,302,PRJNA364988,Illumina HiSeq 2500,USA,North America,47.5028 N 93.4828 W,47.5028,-93.4828
SRR5440529,Peatlands,302,PRJNA382698,Illumina HiSeq 2000,USA,North America,47.506 N 93.454 W,47.506,-93.454
SRR5440530,Peatlands,302,PRJNA382698,Illumina HiSeq 2000,USA,North America,47.506 N 93.454 W,47.506,-93.454
SRR5440535,Peatlands,302,PRJNA382698,Illumina HiSeq 2000,USA,North America,47.505 N 93.489 W,47.505,-93.489
SRR5440534,Peatlands,302,PRJNA382698,Illumina HiSeq 2000,USA,North America,47.506 N 93.454 W,47.506,-93.454
SRR5440531,Peatlands,302,PRJNA382698,Illumina HiSeq 2000,USA,North America,47.506 N 93.454 W,47.506,-93.454
SRR5440533,Peatlands,302,PRJNA382698,Illumina HiSeq 2000,USA,North America,47.506 N 93.454 W,47.506,-93.454
SRR6181329,Peatlands,302,PRJNA406762,Illumina HiSeq 2500,USA,North America,47.1149 N 88.5476 W,47.1149,-88.5476
SRR6181340,Peatlands,302,PRJNA406763,Illumina HiSeq 2500,USA,North America,47.1149 N 88.5476 W,47.1149,-88.5476
SRR6181341,Peatlands,302,PRJNA406764,Illumina HiSeq 2500,USA,North America,47.1149 N 88.5476 W,47.1149,-88.5476
SRR6181346,Peatlands,302,PRJNA406765,Illumina HiSeq 2500,USA,North America,47.1149 N 88.5476 W,47.1149,-88.5476
SRR6181347,Peatlands,302,PRJNA406766,Illumina HiSeq 2500,USA,North America,47.1149 N 88.5476 W,47.1149,-88.5476
SRR6182195,Peatlands,302,PRJNA406767,Illumina HiSeq 2500,USA,North America,47.1149 N 88.5476 W,47.1149,-88.5476
SRR6182196,Peatlands,302,PRJNA406768,Illumina HiSeq 2500,USA,North America,47.1149 N 88.5476 W,47.1149,-88.5476
SRR6182164,Peatlands,302,PRJNA406769,Illumina HiSeq 2500,USA,North America,47.1149 N 88.5476 W,47.1149,-88.5476
SRR6182818,Peatlands,302,PRJNA406770,Illumina HiSeq 2500,USA,North America,47.1149 N 88.5476 W,47.1149,-88.5476
SRR6182817,Peatlands,302,PRJNA406771,Illumina HiSeq 2500,USA,North America,47.1149 N 88.5476 W,47.1149,-88.5476
SRR6182855,Peatlands,302,PRJNA406772,Illumina HiSeq 2500,USA,North America,47.1149 N 88.5476 W,47.1149,-88.5476
SRR6182856,Peatlands,302,PRJNA406773,Illumina HiSeq 2500,USA,North America,47.1149 N 88.5476 W,47.1149,-88.5476
SRR6182865,Peatlands,302,PRJNA406774,Illumina HiSeq 2500,USA,North America,47.1149 N 88.5476 W,47.1149,-88.5476
SRR6183195,Peatlands,302,PRJNA406775,Illumina HiSeq 2500,USA,North America,47.1149 N 88.5476 W,47.1149,-88.5476
SRR6183461,Peatlands,302,PRJNA406776,Illumina HiSeq 2500,USA,North America,47.1149 N 88.5476 W,47.1149,-88.5476
SRR6183406,Peatlands,302,PRJNA406777,Illumina HiSeq 2500,USA,North America,47.1149 N 88.5476 W,47.1149,-88.5476
SRR6183484,Peatlands,302,PRJNA406778,Illumina HiSeq 2500,USA,North America,47.1149 N 88.5476 W,47.1149,-88.5476
SRR6183613,Peatlands,302,PRJNA406779,Illumina HiSeq 2500,USA,North America,47.1149 N 88.5476 W,47.1149,-88.5476
SRR6183662,Peatlands,302,PRJNA406780,Illumina HiSeq 2500,USA,North America,47.1149 N 88.5476 W,47.1149,-88.5476
SRR6183537,Peatlands,302,PRJNA406781,Illumina HiSeq 2500,USA,North America,47.1149 N 88.5476 W,47.1149,-88.5476
SRR6183736,Peatlands,302,PRJNA406783,Illumina HiSeq 2500,USA,North America,47.1149 N 88.5476 W,47.1149,-88.5476
SRR7027735,Peatlands,302,PRJNA443580,Illumina HiSeq 2500,USA,North America,47.5028 N 93.4828 W,47.5028,-93.4828
SRR7027741,Peatlands,302,PRJNA443581,Illumina HiSeq 2500,USA,North America,47.5028 N 93.4828 W,47.5028,-93.4828
SRR7027739,Peatlands,302,PRJNA443582,Illumina HiSeq 2500,USA,North America,47.5028 N 93.4828 W,47.5028,-93.4828
SRR7027740,Peatlands,302,PRJNA443583,Illumina HiSeq 2500,USA,North America,47.5028 N 93.4828 W,47.5028,-93.4828
SRR7027738,Peatlands,302,PRJNA443584,Illumina HiSeq 2500,USA,North America,47.5028 N 93.4828 W,47.5028,-93.4828
SRR7027742,Peatlands,302,PRJNA443585,Illumina HiSeq 2500,USA,North America,47.5028 N 93.4828 W,47.5028,-93.4828
SRR7027744,Peatlands,302,PRJNA443586,Illumina HiSeq 2500,USA,North America,47.5028 N 93.4828 W,47.5028,-93.4828
SRR7027743,Peatlands,302,PRJNA443587,Illumina HiSeq 2500,USA,North America,47.5028 N 93.4828 W,47.5028,-93.4828
SRR7027745,Peatlands,302,PRJNA443588,Illumina HiSeq 2500,USA,North America,47.5028 N 93.4828 W,47.5028,-93.4828
SRR7027752,Peatlands,302,PRJNA443589,Illumina HiSeq 2500,USA,North America,47.5028 N 93.4828 W,47.5028,-93.4828
SRR7027753,Peatlands,302,PRJNA443590,Illumina HiSeq 2500,USA,North America,47.5028 N 93.4828 W,47.5028,-93.4828
SRR7027823,Peatlands,302,PRJNA443591,Illumina HiSeq 2500,USA,North America,47.5028 N 93.4828 W,47.5028,-93.4828
SRR7027795,Peatlands,302,PRJNA443592,Illumina HiSeq 2500,USA,North America,47.5028 N 93.4828 W,47.5028,-93.4828
SRR7027822,Peatlands,302,PRJNA443593,Illumina HiSeq 2500,USA,North America,47.5028 N 93.4828 W,47.5028,-93.4828
SRR7027834,Peatlands,302,PRJNA443594,Illumina HiSeq 2500,USA,North America,47.5028 N 93.4828 W,47.5028,-93.4828
SRR7027835,Peatlands,302,PRJNA443595,Illumina HiSeq 2500,USA,North America,47.5028 N 93.4828 W,47.5028,-93.4828
SRR7027836,Peatlands,302,PRJNA443596,Illumina HiSeq 2500,USA,North America,47.5028 N 93.4828 W,47.5028,-93.4828
SRR7027837,Peatlands,302,PRJNA443597,Illumina HiSeq 2500,USA,North America,47.5028 N 93.4828 W,47.5028,-93.4828
SRR7027860,Peatlands,302,PRJNA443598,Illumina HiSeq 2500,USA,North America,47.5028 N 93.4828 W,47.5028,-93.4828
SRR7027862,Peatlands,302,PRJNA443599,Illumina HiSeq 2500,USA,North America,47.5028 N 93.4828 W,47.5028,-93.4828
SRR7027863,Peatlands,302,PRJNA443600,Illumina HiSeq 2500,USA,North America,47.5028 N 93.4828 W,47.5028,-93.4828
SRR7027864,Peatlands,302,PRJNA443601,Illumina HiSeq 2500,USA,North America,47.5028 N 93.4828 W,47.5028,-93.4828
SRR7027866,Peatlands,302,PRJNA443602,Illumina HiSeq 2500,USA,North America,47.5028 N 93.4828 W,47.5028,-93.4828
SRR7027865,Peatlands,302,PRJNA443603,Illumina HiSeq 2500,USA,North America,47.5028 N 93.4828 W,47.5028,-93.4828
SRR7027867,Peatlands,302,PRJNA443604,Illumina HiSeq 2500,USA,North America,47.5028 N 93.4828 W,47.5028,-93.4828
SRR7027868,Peatlands,302,PRJNA443605,Illumina HiSeq 2500,USA,North America,47.5028 N 93.4828 W,47.5028,-93.4828
SRR7027877,Peatlands,302,PRJNA443606,Illumina HiSeq 2500,USA,North America,47.5028 N 93.4828 W,47.5028,-93.4828
SRR7027918,Peatlands,302,PRJNA443607,Illumina HiSeq 2500,USA,North America,47.5028 N 93.4828 W,47.5028,-93.4828
SRR7027994,Peatlands,302,PRJNA443609,Illumina HiSeq 2500,USA,North America,47.5028 N 93.4828 W,47.5028,-93.4828
SRR7028008,Peatlands,302,PRJNA443610,Illumina HiSeq 2500,USA,North America,47.5028 N 93.4828 W,47.5028,-93.4828
SRR7028199,Peatlands,302,PRJNA443611,Illumina HiSeq 2500,USA,North America,47.5028 N 93.4828 W,47.5028,-93.4828
SRR7028231,Peatlands,302,PRJNA443612,Illumina HiSeq 2500,USA,North America,47.5028 N 93.4828 W,47.5028,-93.4828
SRR7028236,Peatlands,302,PRJNA443613,Illumina HiSeq 2500,USA,North America,47.5028 N 93.4828 W,47.5028,-93.4828
SRR7028227,Peatlands,302,PRJNA443614,Illumina HiSeq 2500,USA,North America,47.5028 N 93.4828 W,47.5028,-93.4828
SRR7028244,Peatlands,302,PRJNA443615,Illumina HiSeq 2500,USA,North America,47.5028 N 93.4828 W,47.5028,-93.4828
SRR7028363,Peatlands,302,PRJNA443616,Illumina HiSeq 2500,USA,North America,47.5028 N 93.4828 W,47.5028,-93.4828
SRR7028364,Peatlands,302,PRJNA443617,Illumina HiSeq 2500,USA,North America,47.5028 N 93.4828 W,47.5028,-93.4828
SRR6946416,Peatlands,302,PRJNA443832,Illumina HiSeq 2500,USA,North America,47.1149 N 88.5476 W,47.1149,-88.5476
SRR7028380,Peatlands,302,PRJNA444884,Illumina HiSeq 2500,USA,North America,47.5028 N 93.4828 W,47.5028,-93.4828
SRR7028477,Peatlands,302,PRJNA444885,Illumina HiSeq 2500,USA,North America,47.5028 N 93.4828 W,47.5028,-93.4828
SRR7028480,Peatlands,302,PRJNA444886,Illumina HiSeq 2500,USA,North America,47.5028 N 93.4828 W,47.5028,-93.4828
SRR7028485,Peatlands,302,PRJNA444887,Illumina HiSeq 2500,USA,North America,47.5028 N 93.4828 W,47.5028,-93.4828
SRR7028486,Peatlands,302,PRJNA444888,Illumina HiSeq 2500,USA,North America,47.5028 N 93.4828 W,47.5028,-93.4828
SRR7028484,Peatlands,302,PRJNA444889,Illumina HiSeq 2500,USA,North America,47.5028 N 93.4828 W,47.5028,-93.4828
SRR7028531,Peatlands,302,PRJNA444890,Illumina HiSeq 2500,USA,North America,47.5028 N 93.4828 W,47.5028,-93.4828
SRR7974601,Peatlands,302,PRJNA465656,Illumina HiSeq 2500,USA,North America,47.1149 N 88.5476 W,47.1149,-88.5476
SRR8543849,Peatlands,302,PRJNA518431,Illumina NovaSeq 6000,USA,North America,47.6516 N 122.3045 W,47.6516,-122.3045
SRR8544180,Peatlands,302,PRJNA518441,Illumina NovaSeq 6000,USA,North America,47.6516 N 122.3045 W,47.6516,-122.3045
SRR10968273,Peatlands,302,PRJNA566911,Illumina NovaSeq 6000,USA,North America,64.9142 N 147.835 W,64.9142,-147.835
SRR10968272,Peatlands,302,PRJNA566912,Illumina NovaSeq 6000,USA,North America,64.9141 N 147.8344 W,64.9141,-147.8344
SRR10968276,Peatlands,302,PRJNA566913,Illumina NovaSeq 6000,USA,North America,64.9141 N 147.834 W,64.9141,-147.834
SRR10968274,Peatlands,302,PRJNA566914,Illumina NovaSeq 6000,USA,North America,64.9142 N 147.8349 W,64.9142,-147.8349
SRR10968275,Peatlands,302,PRJNA566915,Illumina NovaSeq 6000,USA,North America,64.9144 N 147.8354 W,64.9144,-147.8354
SRR10968277,Peatlands,302,PRJNA566916,Illumina NovaSeq 6000,USA,North America,64.9142 N 147.835 W,64.9142,-147.835
SRR10968278,Peatlands,302,PRJNA566917,Illumina NovaSeq 6000,USA,North America,64.9142 N 147.835 W,64.9142,-147.835
SRR10968281,Peatlands,302,PRJNA566918,Illumina NovaSeq 6000,USA,North America,64.9141 N 147.8344 W,64.9141,-147.8344
SRR10968280,Peatlands,302,PRJNA566919,Illumina NovaSeq 6000,USA,North America,64.9141 N 147.8344 W,64.9141,-147.8344
SRR10968279,Peatlands,302,PRJNA566920,Illumina NovaSeq 6000,USA,North America,64.9096 N 147.9451 W,64.9096,-147.9451
SRR10968282,Peatlands,302,PRJNA566921,Illumina NovaSeq 6000,USA,North America,64.9123 N 147.839 W,64.9123,-147.839
SRR10968223,Peatlands,302,PRJNA567017,Illumina NovaSeq 6000,USA,North America,64.9144 N 147.8354 W,64.9144,-147.8354
SRR10968270,Peatlands,302,PRJNA567018,Illumina NovaSeq 6000,USA,North America,64.9096 N 147.9451 W,64.9096,-147.9451
SRR10968271,Peatlands,302,PRJNA567019,Illumina NovaSeq 6000,USA,North America,64.9141 N 147.8348 W,64.9141,-147.8348
SRR11070432,Peatlands,302,PRJNA567020,Illumina NovaSeq 6000,USA,North America,64.9123 N 147.839 W,64.9123,-147.839
SRR10968162,Peatlands,302,PRJNA567021,Illumina NovaSeq 6000,USA,North America,63.8785 N 149.2588 W,63.8785,-149.2588
SRR10968211,Peatlands,302,PRJNA567022,Illumina NovaSeq 6000,USA,North America,64.9096 N 147.9451 W,64.9096,-147.9451
SRR10968218,Peatlands,302,PRJNA567023,Illumina NovaSeq 6000,USA,North America,64.9149 N 147.8357 W,64.9149,-147.8357
SRR10968147,Peatlands,302,PRJNA567103,Illumina NovaSeq 6000,USA,North America,64.9141 N 147.8348 W,64.9141,-147.8348
SRR10968148,Peatlands,302,PRJNA567104,Illumina NovaSeq 6000,USA,North America,64.9142 N 147.835 W,64.9142,-147.835
SRR10968149,Peatlands,302,PRJNA567117,Illumina NovaSeq 6000,USA,North America,64.9141 N 147.8344 W,64.9141,-147.8344
SRR10968151,Peatlands,302,PRJNA567120,Illumina NovaSeq 6000,USA,North America,64.9141 N 147.8348 W,64.9141,-147.8348
SRR10968155,Peatlands,302,PRJNA567121,Illumina NovaSeq 6000,USA,North America,64.9142 N 147.835 W,64.9142,-147.835
SRR10968156,Peatlands,302,PRJNA567122,Illumina NovaSeq 6000,USA,North America,64.9141 N 147.8344 W,64.9141,-147.8344
SRR10968153,Peatlands,302,PRJNA567123,Illumina NovaSeq 6000,USA,North America,64.9141 N 147.834 W,64.9141,-147.834
SRR10968168,Peatlands,302,PRJNA567125,Illumina NovaSeq 6000,USA,North America,64.9144 N 147.8354 W,64.9144,-147.8354
SRR10968221,Peatlands,302,PRJNA567126,Illumina NovaSeq 6000,USA,North America,64.9142 N 147.835 W,64.9142,-147.835
SRR10968219,Peatlands,302,PRJNA567127,Illumina NovaSeq 6000,USA,North America,64.9141 N 147.8344 W,64.9141,-147.8344
SRR10968224,Peatlands,302,PRJNA567128,Illumina NovaSeq 6000,USA,North America,64.9141 N 147.834 W,64.9141,-147.834
SRR10968222,Peatlands,302,PRJNA567129,Illumina NovaSeq 6000,USA,North America,64.9142 N 147.8349 W,64.9142,-147.8349
SRR10873223,Peatlands,302,PRJNA568276,Illumina NovaSeq 6000,USA,North America,42.3286 N 76.4792 W,42.3286,-76.4792
SRR10873265,Peatlands,302,PRJNA568277,Illumina NovaSeq 6000,USA,North America,42.5488 N 76.2662 W,42.5488,-76.2662
SRR10389008,Peatlands,302,PRJNA571617,Illumina NovaSeq 6000,USA,North America,42.673 N 77.032 W,42.673,-77.032
SRR11668386,Peatlands,302,PRJNA621650,Illumina NovaSeq 6000,USA,North America,64.9123 N 147.839 W,64.9123,-147.839
SRR11668400,Peatlands,302,PRJNA621651,Illumina NovaSeq 6000,USA,North America,64.9123 N 147.839 W,64.9123,-147.839
SRR11668419,Peatlands,302,PRJNA621652,Illumina NovaSeq 6000,USA,North America,64.9123 N 147.839 W,64.9123,-147.839
SRR12951267,Peatlands,302,PRJNA651484,Illumina NovaSeq 6000,USA,North America,47.5056 N 93.4534 W,47.5056,-93.4534
SRR12951263,Peatlands,302,PRJNA651485,Illumina NovaSeq 6000,USA,North America,47.5056 N 93.4534 W,47.5056,-93.4534
SRR12951270,Peatlands,302,PRJNA651489,Illumina NovaSeq 6000,USA,North America,47.5056 N 93.4534 W,47.5056,-93.4534
SRR13780018,Peatlands,302,PRJNA651490,Illumina NovaSeq 6000,USA,North America,47.5056 N 93.4534 W,47.5056,-93.4534
SRR13780019,Peatlands,302,PRJNA651490,Illumina NovaSeq 6000,USA,North America,47.5056 N 93.4534 W,47.5056,-93.4534
SRR12951266,Peatlands,302,PRJNA651492,Illumina NovaSeq 6000,USA,North America,47.5056 N 93.4534 W,47.5056,-93.4534
SRR13621567,Peatlands,302,PRJNA651493,Illumina NovaSeq 6000,USA,North America,47.5056 N 93.4534 W,47.5056,-93.4534
SRR13621568,Peatlands,302,PRJNA651493,Illumina NovaSeq 6000,USA,North America,47.5056 N 93.4534 W,47.5056,-93.4534
SRR13021855,Peatlands,302,PRJNA651494,Illumina NovaSeq 6000,USA,North America,47.5056 N 93.4534 W,47.5056,-93.4534
SRR13021853,Peatlands,302,PRJNA651495,Illumina NovaSeq 6000,USA,North America,47.5056 N 93.4534 W,47.5056,-93.4534
SRR13021852,Peatlands,302,PRJNA651497,Illumina NovaSeq 6000,USA,North America,47.5056 N 93.4534 W,47.5056,-93.4534
SRR13021854,Peatlands,302,PRJNA651498,Illumina NovaSeq 6000,USA,North America,47.5056 N 93.4534 W,47.5056,-93.4534
SRR13021904,Peatlands,302,PRJNA651499,Illumina NovaSeq 6000,USA,North America,47.5056 N 93.4534 W,47.5056,-93.4534
SRR13021940,Peatlands,302,PRJNA651500,Illumina NovaSeq 6000,USA,North America,47.5056 N 93.4534 W,47.5056,-93.4534
SRR13021941,Peatlands,302,PRJNA651501,Illumina NovaSeq 6000,USA,North America,47.5056 N 93.4534 W,47.5056,-93.4534
SRR12951269,Peatlands,302,PRJNA651502,Illumina NovaSeq 6000,USA,North America,47.5056 N 93.4534 W,47.5056,-93.4534
SRR13021957,Peatlands,302,PRJNA651503,Illumina NovaSeq 6000,USA,North America,47.5056 N 93.4534 W,47.5056,-93.4534
SRR13021960,Peatlands,302,PRJNA651504,Illumina NovaSeq 6000,USA,North America,47.5056 N 93.4534 W,47.5056,-93.4534
SRR12736058,Peatlands,302,PRJNA666221,Illumina NovaSeq 6000,USA,North America,47.5079 N 93.4523 W,47.5079,-93.4523
SRR12736051,Peatlands,302,PRJNA666221,Illumina NovaSeq 6000,USA,North America,47.5079 N 93.4530 W,47.5079,-93.453
SRR12736050,Peatlands,302,PRJNA666221,Illumina NovaSeq 6000,USA,North America,47.5079 N 93.4530 W,47.5079,-93.453
SRR12736059,Peatlands,302,PRJNA666221,Illumina NovaSeq 6000,USA,North America,47.5079 N 93.4523 W,47.5079,-93.4523
SRR12736055,Peatlands,302,PRJNA666221,Illumina NovaSeq 6000,USA,North America,47.5078 N 93.4526 W,47.5078,-93.4526
SRR12736056,Peatlands,302,PRJNA666221,Illumina NovaSeq 6000,USA,North America,47.5078 N 93.4524 W,47.5078,-93.4524
SRR13222405,Peatlands,302,PRJNA676800,Illumina NovaSeq 6000,USA,North America,47.1149 N 88.5478 W,47.1149,-88.5478
SRR13222411,Peatlands,302,PRJNA676803,Illumina NovaSeq 6000,USA,North America,47.1149 N 88.5478 W,47.1149,-88.5478
SRR13234433,Peatlands,302,PRJNA676919,Illumina NovaSeq 6000,USA,North America,47.1149 N 88.5478 W,47.1149,-88.5478
SRR13201553,Peatlands,302,PRJNA677007,Illumina NovaSeq 6000,USA,North America,47.5056 N 93.4534 W,47.5056,-93.4534
SRR13201552,Peatlands,302,PRJNA677007,Illumina NovaSeq 6000,USA,North America,47.5056 N 93.4534 W,47.5056,-93.4534
SRR13202124,Peatlands,302,PRJNA677008,Illumina NovaSeq 6000,USA,North America,47.5056 N 93.4534 W,47.5056,-93.4534
SRR13202123,Peatlands,302,PRJNA677008,Illumina NovaSeq 6000,USA,North America,47.5056 N 93.4534 W,47.5056,-93.4534
SRR13201605,Peatlands,302,PRJNA677009,Illumina NovaSeq 6000,USA,North America,47.5056 N 93.4534 W,47.5056,-93.4534
SRR13201604,Peatlands,302,PRJNA677009,Illumina NovaSeq 6000,USA,North America,47.5056 N 93.4534 W,47.5056,-93.4534
SRR13201563,Peatlands,302,PRJNA677010,Illumina NovaSeq 6000,USA,North America,47.5056 N 93.4534 W,47.5056,-93.4534
SRR13201562,Peatlands,302,PRJNA677010,Illumina NovaSeq 6000,USA,North America,47.5056 N 93.4534 W,47.5056,-93.4534
SRR13201612,Peatlands,302,PRJNA677011,Illumina NovaSeq 6000,USA,North America,47.5056 N 93.4534 W,47.5056,-93.4534
SRR13201614,Peatlands,302,PRJNA677012,Illumina NovaSeq 6000,USA,North America,47.5056 N 93.4534 W,47.5056,-93.4534
SRR13201613,Peatlands,302,PRJNA677012,Illumina NovaSeq 6000,USA,North America,47.5056 N 93.4534 W,47.5056,-93.4534
SRR13201618,Peatlands,302,PRJNA677013,Illumina NovaSeq 6000,USA,North America,47.5056 N 93.4534 W,47.5056,-93.4534
SRR13201617,Peatlands,302,PRJNA677013,Illumina NovaSeq 6000,USA,North America,47.5056 N 93.4534 W,47.5056,-93.4534
SRR13201616,Peatlands,302,PRJNA677014,Illumina NovaSeq 6000,USA,North America,47.5056 N 93.4534 W,47.5056,-93.4534
SRR13201615,Peatlands,302,PRJNA677014,Illumina NovaSeq 6000,USA,North America,47.5056 N 93.4534 W,47.5056,-93.4534
SRR13201822,Peatlands,302,PRJNA677015,Illumina NovaSeq 6000,USA,North America,47.5056 N 93.4534 W,47.5056,-93.4534
SRR13201821,Peatlands,302,PRJNA677015,Illumina NovaSeq 6000,USA,North America,47.5056 N 93.4534 W,47.5056,-93.4534
SRR13201825,Peatlands,302,PRJNA677016,Illumina NovaSeq 6000,USA,North America,47.5056 N 93.4534 W,47.5056,-93.4534
SRR13201824,Peatlands,302,PRJNA677016,Illumina NovaSeq 6000,USA,North America,47.5056 N 93.4534 W,47.5056,-93.4534
SRR13201919,Peatlands,302,PRJNA677017,Illumina NovaSeq 6000,USA,North America,47.5056 N 93.4534 W,47.5056,-93.4534
SRR13201920,Peatlands,302,PRJNA677018,Illumina NovaSeq 6000,USA,North America,47.5056 N 93.4534 W,47.5056,-93.4534
SRR13201962,Peatlands,302,PRJNA677019,Illumina NovaSeq 6000,USA,North America,47.5056 N 93.4534 W,47.5056,-93.4534
SRR13201976,Peatlands,302,PRJNA677020,Illumina NovaSeq 6000,USA,North America,47.5056 N 93.4534 W,47.5056,-93.4534
SRR13781415,Peatlands,302,PRJNA697594,Illumina NovaSeq 6000,USA,North America,47.5056 N 93.4534 W,47.5056,-93.4534
SRR13781585,Peatlands,302,PRJNA697595,Illumina NovaSeq 6000,USA,North America,47.5056 N 93.4534 W,47.5056,-93.4534
SRR13781586,Peatlands,302,PRJNA697596,Illumina NovaSeq 6000,USA,North America,47.5056 N 93.4534 W,47.5056,-93.4534
SRR13781587,Peatlands,302,PRJNA697597,Illumina NovaSeq 6000,USA,North America,47.5056 N 93.4534 W,47.5056,-93.4534
SRR13781756,Peatlands,302,PRJNA697598,Illumina NovaSeq 6000,USA,North America,47.5056 N 93.4534 W,47.5056,-93.4534
SRR13781758,Peatlands,302,PRJNA697599,Illumina NovaSeq 6000,USA,North America,47.5056 N 93.4534 W,47.5056,-93.4534
SRR13781757,Peatlands,302,PRJNA697600,Illumina NovaSeq 6000,USA,North America,47.5056 N 93.4534 W,47.5056,-93.4534
SRR13780020,Peatlands,302,PRJNA697709,Illumina NovaSeq 6000,USA,North America,47.5056 N 93.4534 W,47.5056,-93.4534
SRR13781414,Peatlands,302,PRJNA697710,Illumina NovaSeq 6000,USA,North America,47.5056 N 93.4534 W,47.5056,-93.4534
SRR6195975,Peatlands,300,PRJNA412436,Illumina HiSeq 2000,Germany,Europe,50.131881 N 11.881046 E,50.131881,11.881046
SRR6152564,Peatlands,202,PRJNA412436,Illumina HiSeq 2000,Germany,Europe,50.131881 N 11.881046 E,50.131881,11.881046
SRR6193119,Peatlands,300,PRJNA412436,Illumina HiSeq 2000,Germany,Europe,50.131881 N 11.881046 E,50.131881,11.881046
SRR6195974,Peatlands,300,PRJNA412436,Illumina HiSeq 2000,Germany,Europe,50.131881 N 11.881046 E,50.131881,11.881046
SRR5829540,Peatlands,302,PRJNA421255,Illumina HiSeq 2500,Germany,Europe,50.131881 N 11.881046 E,50.131881,11.881046
SRR5829549,Peatlands,302,PRJNA421255,Illumina HiSeq 2500,Germany,Europe,50.131881 N 11.881046 E,50.131881,11.881046
SRR5829547,Peatlands,302,PRJNA421255,Illumina HiSeq 2500,Germany,Europe,50.131881 N 11.881046 E,50.131881,11.881046
SRR5829544,Peatlands,302,PRJNA421255,Illumina HiSeq 2500,Germany,Europe,50.131881 N 11.881046 E,50.131881,11.881046
SRR5829546,Peatlands,302,PRJNA421255,Illumina HiSeq 2500,Germany,Europe,50.131881 N 11.881046 E,50.131881,11.881046
SRR5829548,Peatlands,302,PRJNA421255,Illumina HiSeq 2500,Germany,Europe,50.131881 N 11.881046 E,50.131881,11.881046
SRR5829550,Peatlands,302,PRJNA421255,Illumina HiSeq 2500,Germany,Europe,50.131881 N 11.881046 E,50.131881,11.881046
SRR5829542,Peatlands,302,PRJNA421255,Illumina HiSeq 2500,Germany,Europe,50.131881 N 11.881046 E,50.131881,11.881046
SRR5214708,Peatlands,302,PRJNA421255,Illumina HiSeq 2500,Germany,Europe,50.131881 N 11.881046 E,50.131881,11.881046
SRR5214707,Peatlands,302,PRJNA421255,Illumina HiSeq 2500,Germany,Europe,50.131881 N 11.881046 E,50.131881,11.881046
SRR5829543,Peatlands,302,PRJNA421255,Illumina HiSeq 2500,Germany,Europe,50.131881 N 11.881046 E,50.131881,11.881046
SRR5829545,Peatlands,302,PRJNA421255,Illumina HiSeq 2500,Germany,Europe,50.131881 N 11.881046 E,50.131881,11.881046
SRR9617301,Peatlands,218,PRJNA551662,Illumina HiSeq 2500,USA,North America,42.38 N 71.06 W,42.38,-71.06
SRR9617326,Peatlands,258,PRJNA551662,Illumina HiSeq 2500,USA,North America,42.38 N 71.06 W,42.38,-71.06
SRR9617312,Peatlands,255,PRJNA551662,Illumina HiSeq 2500,USA,North America,42.38 N 71.06 W,42.38,-71.06
SRR9617303,Peatlands,254,PRJNA551662,Illumina HiSeq 2500,USA,North America,42.38 N 71.06 W,42.38,-71.06
SRR9617318,Peatlands,257,PRJNA551662,Illumina HiSeq 2500,USA,North America,42.38 N 71.06 W,42.38,-71.06
SRR9617311,Peatlands,269,PRJNA551662,Illumina HiSeq 2500,USA,North America,42.38 N 71.06 W,42.38,-71.06
SRR9617314,Peatlands,264,PRJNA551662,Illumina HiSeq 2500,USA,North America,42.38 N 71.06 W,42.38,-71.06
SRR9617325,Peatlands,262,PRJNA551662,Illumina HiSeq 2500,USA,North America,42.38 N 71.06 W,42.38,-71.06
SRR9617298,Peatlands,262,PRJNA551662,Illumina HiSeq 2500,USA,North America,42.38 N 71.06 W,42.38,-71.06
SRR9617317,Peatlands,255,PRJNA551662,Illumina HiSeq 2500,USA,North America,42.38 N 71.06 W,42.38,-71.06
SRR9617296,Peatlands,240,PRJNA551662,Illumina HiSeq 2500,USA,North America,42.38 N 71.06 W,42.38,-71.06
SRR9617297,Peatlands,234,PRJNA551662,Illumina HiSeq 2500,USA,North America,42.38 N 71.06 W,42.38,-71.06
SRR9617295,Peatlands,248,PRJNA551662,Illumina HiSeq 2500,USA,North America,42.38 N 71.06 W,42.38,-71.06
SRR18649605,Peatlands,302,PRJNA820795,Illumina NovaSeq 6000,Iceland,Europe,64.6859 N 21.405 W,64.6859,-21.405
SRR18649726,Peatlands,302,PRJNA820798,Illumina NovaSeq 6000,Iceland,Europe,64.6859 N 21.405 W,64.6859,-21.405
SRR18649409,Peatlands,302,PRJNA820799,Illumina NovaSeq 6000,Iceland,Europe,64.6859 N 21.405 W,64.6859,-21.405
SRR18685364,Peatlands,302,PRJNA820811,Illumina NovaSeq 6000,Iceland,Europe,64.583 N 21.9821 W,64.583,-21.9821
SRR18686410,Peatlands,302,PRJNA820834,Illumina NovaSeq 6000,France,Europe,46.8263 N 6.1724 E,46.8263,6.1724
SRR18686408,Peatlands,302,PRJNA820838,Illumina NovaSeq 6000,France,Europe,46.8263 N 6.1724 E,46.8263,6.1724
SRR18686432,Peatlands,302,PRJNA820839,Illumina NovaSeq 6000,France,Europe,46.8263 N 6.1724 E,46.8263,6.1724
SRR18693123,Peatlands,302,PRJNA820844,Illumina NovaSeq 6000,France,Europe,46.8263 N 6.1724 E,46.8263,6.1724
SRR18693124,Peatlands,302,PRJNA820845,Illumina NovaSeq 6000,France,Europe,46.8263 N 6.1724 E,46.8263,6.1724
SRR7151488,Peatlands,300,PRJNA386568,NextSeq 500,Sweden,Europe,68.3534 N 19.0467 E,68.3534,19.0467
SRR7151511,Peatlands,300,PRJNA386568,NextSeq 500,Sweden,Europe,68.3535 N 19.0471 E,68.3535,19.0471
SRR7151514,Peatlands,300,PRJNA386568,NextSeq 500,Sweden,Europe,68.3533 N 19.0466 E,68.3533,19.0466
SRR7151515,Peatlands,300,PRJNA386568,NextSeq 500,Sweden,Europe,68.3533 N 19.0467 E,68.3533,19.0467
SRR7151520,Peatlands,300,PRJNA386568,NextSeq 500,Sweden,Europe,68.3535 N 19.0473 E,68.3535,19.0473
SRR7151538,Peatlands,300,PRJNA386568,NextSeq 500,Sweden,Europe,68.3533 N 19.0476 E,68.3533,19.0476
SRR7151539,Peatlands,300,PRJNA386568,NextSeq 500,Sweden,Europe,68.3533 N 19.0476 E,68.3533,19.0476
SRR7151543,Peatlands,300,PRJNA386568,NextSeq 500,Sweden,Europe,68.3534 N 19.0466 E,68.3534,19.0466
SRR7151561,Peatlands,300,PRJNA386568,NextSeq 500,Sweden,Europe,68.3534 N 19.0475 E,68.3534,19.0475
SRR7151563,Peatlands,301,PRJNA386568,NextSeq 500,Sweden,Europe,68.3533 N 19.0476 E,68.3533,19.0476
SRR7151588,Peatlands,301,PRJNA386568,NextSeq 500,Sweden,Europe,68.3537 N 19.0476 E,68.3537,19.0476
SRR7151598,Peatlands,300,PRJNA386568,Illumina HiSeq 2000,Sweden,Europe,68.3533 N 19.0468 E,68.3533,19.0468
SRR7151600,Peatlands,300,PRJNA386568,Illumina HiSeq 2000,Sweden,Europe,68.3533 N 19.0468 E,68.3533,19.0468
SRR7151624,Peatlands,302,PRJNA386568,Illumina HiSeq 2000,Sweden,Europe,68.3534 N 19.0472 E,68.3534,19.0472
SRR7151625,Peatlands,302,PRJNA386568,Illumina HiSeq 2000,Sweden,Europe,68.3534 N 19.0472 E,68.3534,19.0472
SRR7151629,Peatlands,301,PRJNA386568,NextSeq 500,Sweden,Europe,68.3535 N 19.0473 E,68.3535,19.0473
SRR7151693,Peatlands,300,PRJNA386568,NextSeq 500,Sweden,Europe,68.3535 N 19.0473 E,68.3535,19.0473
SRR7151694,Peatlands,302,PRJNA386568,Illumina HiSeq 2000,Sweden,Europe,68.3535 N 19.0471 E,68.3535,19.0471
SRR7151712,Peatlands,300,PRJNA386568,NextSeq 500,Sweden,Europe,68.3533 N 19.0468 E,68.3533,19.0468
SRR7151713,Peatlands,300,PRJNA386568,NextSeq 500,Sweden,Europe,68.3533 N 19.0466 E,68.3533,19.0466
SRR7151717,Peatlands,302,PRJNA386568,Illumina HiSeq 2000,Sweden,Europe,68.3535 N 19.0471 E,68.3535,19.0471
SRR7151722,Peatlands,300,PRJNA386568,NextSeq 500,Sweden,Europe,68.3534 N 19.0466 E,68.3534,19.0466
SRR7151736,Peatlands,300,PRJNA386568,NextSeq 500,Sweden,Europe,68.3534 N 19.0475 E,68.3534,19.0475
SRR7151737,Peatlands,300,PRJNA386568,NextSeq 500,Sweden,Europe,68.3533 N 19.0476 E,68.3533,19.0476
SRR7151738,Peatlands,300,PRJNA386568,NextSeq 500,Sweden,Europe,68.3533 N 19.0475 E,68.3533,19.0475
SRR7151742,Peatlands,300,PRJNA386568,NextSeq 500,Sweden,Europe,68.3534 N 19.0467 E,68.3534,19.0467
SRR7151651,Peatlands,202,PRJNA386568,Illumina HiSeq 2500,Sweden,Europe,68.3535 N 19.0472 E,68.3535,19.0472
SRR7151581,Peatlands,202,PRJNA386568,Illumina HiSeq 2500,Sweden,Europe,68.3535 N 19.0473 E,68.3535,19.0473
SRR7151582,Peatlands,202,PRJNA386568,Illumina HiSeq 2500,Sweden,Europe,68.3535 N 19.0473 E,68.3535,19.0473
SRR7151614,Peatlands,202,PRJNA386568,Illumina HiSeq 2500,Sweden,Europe,68.3532 N 19.0469 E,68.3532,19.0469
SRR7151709,Peatlands,202,PRJNA386568,Illumina HiSeq 2500,Sweden,Europe,68.3534 N 19.0474 E,68.3534,19.0474
SRR7151656,Peatlands,202,PRJNA386568,Illumina HiSeq 2500,Sweden,Europe,68.3535 N 19.0472 E,68.3535,19.0472
SRR7151553,Peatlands,202,PRJNA386568,Illumina HiSeq 2500,Sweden,Europe,68.3535 N 19.0473 E,68.3535,19.0473
SRR7151636,Peatlands,299,PRJNA386568,NextSeq 500,Sweden,Europe,68.3534 N 19.0467 E,68.3534,19.0467
SRR7151584,Peatlands,202,PRJNA386568,Illumina HiSeq 2500,Sweden,Europe,68.3535 N 19.0473 E,68.3535,19.0473
SRR7151652,Peatlands,202,PRJNA386568,Illumina HiSeq 2500,Sweden,Europe,68.3535 N 19.0472 E,68.3535,19.0472
SRR7151646,Peatlands,202,PRJNA386568,Illumina HiSeq 2500,Sweden,Europe,68.3532 N 19.0469 E,68.3532,19.0469
SRR7151611,Peatlands,202,PRJNA386568,Illumina HiSeq 2500,Sweden,Europe,68.3533 N 19.0466 E,68.3533,19.0466
SRR7151615,Peatlands,202,PRJNA386568,Illumina HiSeq 2500,Sweden,Europe,68.3532 N 19.0469 E,68.3532,19.0469
SRR7151585,Peatlands,202,PRJNA386568,Illumina HiSeq 2500,Sweden,Europe,68.3535 N 19.0473 E,68.3535,19.0473
SRR7151647,Peatlands,202,PRJNA386568,Illumina HiSeq 2500,Sweden,Europe,68.3535 N 19.0472 E,68.3535,19.0472
SRR7151583,Peatlands,202,PRJNA386568,Illumina HiSeq 2500,Sweden,Europe,68.3535 N 19.0473 E,68.3535,19.0473
SRR7151702,Peatlands,202,PRJNA386568,Illumina HiSeq 2500,Sweden,Europe,68.3534 N 19.0467 E,68.3534,19.0467
SRR7151586,Peatlands,202,PRJNA386568,Illumina HiSeq 2500,Sweden,Europe,68.3535 N 19.0473 E,68.3535,19.0473
SRR7151684,Peatlands,299,PRJNA386568,NextSeq 500,Sweden,Europe,68.3533 N 19.0466 E,68.3533,19.0466
SRR7151550,Peatlands,202,PRJNA386568,Illumina HiSeq 2500,Sweden,Europe,68.3535 N 19.0473 E,68.3535,19.0473
SRR7151619,Peatlands,202,PRJNA386568,Illumina HiSeq 2500,Sweden,Europe,68.3533 N 19.0466 E,68.3533,19.0466
SRR7151587,Peatlands,202,PRJNA386568,Illumina HiSeq 2500,Sweden,Europe,68.3535 N 19.0473 E,68.3535,19.0473
SRR7151620,Peatlands,202,PRJNA386568,Illumina HiSeq 2500,Sweden,Europe,68.3533 N 19.0466 E,68.3533,19.0466
SRR7151654,Peatlands,202,PRJNA386568,Illumina HiSeq 2500,Sweden,Europe,68.3535 N 19.0472 E,68.3535,19.0472
SRR7151517,Peatlands,293,PRJNA386568,NextSeq 500,Sweden,Europe,68.3533 N 19.0466 E,68.3533,19.0466
SRR7151549,Peatlands,202,PRJNA386568,Illumina HiSeq 2500,Sweden,Europe,68.3535 N 19.0473 E,68.3535,19.0473
SRR7151689,Peatlands,202,PRJNA386568,Illumina HiSeq 2500,Sweden,Europe,68.3534 N 19.0472 E,68.3534,19.0472
SRR7151551,Peatlands,202,PRJNA386568,Illumina HiSeq 2500,Sweden,Europe,68.3535 N 19.0473 E,68.3535,19.0473
SRR7151513,Peatlands,299,PRJNA386568,NextSeq 500,Sweden,Europe,68.3533 N 19.0467 E,68.3533,19.0467
SRR7151649,Peatlands,202,PRJNA386568,Illumina HiSeq 2500,Sweden,Europe,68.3535 N 19.0472 E,68.3535,19.0472
SRR7151552,Peatlands,202,PRJNA386568,Illumina HiSeq 2500,Sweden,Europe,68.3535 N 19.0473 E,68.3535,19.0473
SRR7151703,Peatlands,202,PRJNA386568,Illumina HiSeq 2500,Sweden,Europe,68.3534 N 19.0467 E,68.3534,19.0467
SRR7151691,Peatlands,202,PRJNA386568,Illumina HiSeq 2500,Sweden,Europe,68.3534 N 19.0472 E,68.3534,19.0472
SRR7151685,Peatlands,202,PRJNA386568,Illumina HiSeq 2500,Sweden,Europe,68.3533 N 19.0475 E,68.3533,19.0475
SRR7151661,Peatlands,200,PRJNA386568,Illumina HiSeq 2500,Sweden,Europe,68.3533 N 19.0476 E,68.3533,19.0476
SRR7151623,Peatlands,200,PRJNA386568,Illumina HiSeq 2500,Sweden,Europe,68.3533 N 19.0476 E,68.3533,19.0476
SRR7151506,Peatlands,202,PRJNA386568,Illumina HiSeq 2500,Sweden,Europe,68.3532 N 19.0468 E,68.3532,19.0468
SRR7151505,Peatlands,202,PRJNA386568,Illumina HiSeq 2500,Sweden,Europe,68.3534 N 19.0476 E,68.3534,19.0476
SRR7151507,Peatlands,202,PRJNA386568,Illumina HiSeq 2500,Sweden,Europe,68.3532 N 19.0468 E,68.3532,19.0468
SRR7151632,Peatlands,200,PRJNA386568,Illumina HiSeq 2500,Sweden,Europe,68.3533 N 19.0475 E,68.3533,19.0475
SRR7151502,Peatlands,202,PRJNA386568,Illumina HiSeq 2500,Sweden,Europe,68.3533 N 19.0467 E,68.3533,19.0467
SRR7151509,Peatlands,202,PRJNA386568,Illumina HiSeq 2500,Sweden,Europe,68.3533 N 19.0467 E,68.3533,19.0467
SRR7151500,Peatlands,202,PRJNA386568,Illumina HiSeq 2500,Sweden,Europe,68.3532 N 19.0468 E,68.3532,19.0468
SRR7151554,Peatlands,252,PRJNA386568,Illumina HiSeq 2000,Sweden,Europe,68.3535 N 19.0473 E,68.3535,19.0473
SRR7151682,Peatlands,202,PRJNA386568,Illumina HiSeq 2500,Sweden,Europe,68.3534 N 19.0476 E,68.3534,19.0476
SRR7151692,Peatlands,202,PRJNA386568,Illumina HiSeq 2500,Sweden,Europe,68.3533 N 19.0475 E,68.3533,19.0475
SRR7151501,Peatlands,202,PRJNA386568,Illumina HiSeq 2500,Sweden,Europe,68.3532 N 19.0468 E,68.3532,19.0468
SRR7151696,Peatlands,202,PRJNA386568,Illumina HiSeq 2500,Sweden,Europe,68.3535 N 19.0474 E,68.3535,19.0474
SRR7151489,Peatlands,200,PRJNA386568,Illumina HiSeq 2500,Sweden,Europe,68.3533 N 19.0475 E,68.3533,19.0475
SRR7151660,Peatlands,200,PRJNA386568,Illumina HiSeq 2500,Sweden,Europe,68.3533 N 19.0475 E,68.3533,19.0475
SRR7151687,Peatlands,202,PRJNA386568,Illumina HiSeq 2500,Sweden,Europe,68.3533 N 19.0476 E,68.3533,19.0476
SRR7151580,Peatlands,202,PRJNA386568,Illumina HiSeq 2500,Sweden,Europe,68.3534 N 19.0468 E,68.3534,19.0468
SRR7151686,Peatlands,202,PRJNA386568,Illumina HiSeq 2500,Sweden,Europe,68.3533 N 19.0475 E,68.3533,19.0475
SRR7151690,Peatlands,202,PRJNA386568,Illumina HiSeq 2500,Sweden,Europe,68.3534 N 19.0472 E,68.3534,19.0472
SRR7151546,Peatlands,252,PRJNA386568,Illumina HiSeq 2000,Sweden,Europe,68.3535 N 19.0473 E,68.3535,19.0473
SRR7151565,Peatlands,202,PRJNA386568,Illumina HiSeq 2500,Sweden,Europe,68.3534 N 19.0468 E,68.3534,19.0468
SRR7151528,Peatlands,202,PRJNA386568,Illumina HiSeq 2500,Sweden,Europe,68.3535 N 19.0473 E,68.3535,19.0473
SRR7151688,Peatlands,252,PRJNA386568,Illumina HiSeq 2000,Sweden,Europe,68.3533 N 19.0476 E,68.3533,19.0476
SRR7151504,Peatlands,202,PRJNA386568,Illumina HiSeq 2500,Sweden,Europe,68.3534 N 19.0476 E,68.3534,19.0476
SRR7151724,Peatlands,202,PRJNA386568,Illumina HiSeq 2500,Sweden,Europe,68.3534 N 19.0468 E,68.3534,19.0468
SRR7151579,Peatlands,202,PRJNA386568,Illumina HiSeq 2500,Sweden,Europe,68.3534 N 19.0473 E,68.3534,19.0473
SRR7151526,Peatlands,202,PRJNA386568,Illumina HiSeq 2500,Sweden,Europe,68.3535 N 19.0473 E,68.3535,19.0473
SRR7151512,Peatlands,299,PRJNA386568,NextSeq 500,Sweden,Europe,68.3533 N 19.0467 E,68.3533,19.0467
SRR7151529,Peatlands,202,PRJNA386568,Illumina HiSeq 2500,Sweden,Europe,68.3535 N 19.0472 E,68.3535,19.0472
SRR7151527,Peatlands,202,PRJNA386568,Illumina HiSeq 2500,Sweden,Europe,68.3535 N 19.0473 E,68.3535,19.0473
SRR7151490,Peatlands,202,PRJNA386568,Illumina HiSeq 2500,Sweden,Europe,68.3535 N 19.0472 E,68.3535,19.0472
SRR7151491,Peatlands,202,PRJNA386568,Illumina HiSeq 2500,Sweden,Europe,68.3535 N 19.0472 E,68.3535,19.0472
SRR7151697,Peatlands,202,PRJNA386568,Illumina HiSeq 2500,Sweden,Europe,68.3535 N 19.0474 E,68.3535,19.0474
SRR7151541,Peatlands,202,PRJNA386568,Illumina HiSeq 2500,Sweden,Europe,68.3533 N 19.0475 E,68.3533,19.0475
SRR7151675,Peatlands,202,PRJNA386568,Illumina HiSeq 2500,Sweden,Europe,68.3533 N 19.0475 E,68.3533,19.0475
SRR7151503,Peatlands,252,PRJNA386568,Illumina HiSeq 2000,Sweden,Europe,68.3533 N 19.0467 E,68.3533,19.0467
SRR7151731,Peatlands,202,PRJNA386568,Illumina HiSeq 2500,Sweden,Europe,68.3534 N 19.0468 E,68.3534,19.0468
SRR7151578,Peatlands,202,PRJNA386568,Illumina HiSeq 2500,Sweden,Europe,68.3533 N 19.0476 E,68.3533,19.0476
SRR7151591,Peatlands,200,PRJNA386568,Illumina HiSeq 2500,Sweden,Europe,68.3534 N 19.0467 E,68.3534,19.0467
SRR7151542,Peatlands,202,PRJNA386568,Illumina HiSeq 2500,Sweden,Europe,68.3533 N 19.0475 E,68.3533,19.0475
SRR7151492,Peatlands,202,PRJNA386568,Illumina HiSeq 2500,Sweden,Europe,68.3533 N 19.0476 E,68.3533,19.0476
SRR7151676,Peatlands,202,PRJNA386568,Illumina HiSeq 2500,Sweden,Europe,68.3533 N 19.0475 E,68.3533,19.0475
SRR7151574,Peatlands,202,PRJNA386568,Illumina HiSeq 2500,Sweden,Europe,68.3533 N 19.0469 E,68.3533,19.0469
SRR7151573,Peatlands,202,PRJNA386568,Illumina HiSeq 2500,Sweden,Europe,68.3533 N 19.0469 E,68.3533,19.0469
SRR7151594,Peatlands,200,PRJNA386568,Illumina HiSeq 2500,Sweden,Europe,68.3533 N 19.0466 E,68.3533,19.0466
SRR7151524,Peatlands,252,PRJNA386568,Illumina HiSeq 2000,Sweden,Europe,68.3534 N 19.0473 E,68.3534,19.0473
SRR7151602,Peatlands,202,PRJNA386568,Illumina HiSeq 2500,Sweden,Europe,68.3535 N 19.0474 E,68.3535,19.0474
SRR7151536,Peatlands,202,PRJNA386568,Illumina HiSeq 2500,Sweden,Europe,68.3533 N 19.0476 E,68.3533,19.0476
SRR7151605,Peatlands,202,PRJNA386568,Illumina HiSeq 2500,Sweden,Europe,68.3535 N 19.0474 E,68.3535,19.0474
SRR7151641,Peatlands,202,PRJNA386568,Illumina HiSeq 2500,Sweden,Europe,68.3535 N 19.0472 E,68.3535,19.0472
SRR7151666,Peatlands,200,PRJNA386568,Illumina HiSeq 2500,Sweden,Europe,68.3533 N 19.0475 E,68.3533,19.0475
SRR7151604,Peatlands,252,PRJNA386568,Illumina HiSeq 2000,Sweden,Europe,68.3534 N 19.0468 E,68.3534,19.0468
SRR7151633,Peatlands,202,PRJNA386568,Illumina HiSeq 2500,Sweden,Europe,68.3533 N 19.0475 E,68.3533,19.0475
SRR7151674,Peatlands,202,PRJNA386568,Illumina HiSeq 2500,Sweden,Europe,68.3533 N 19.0475 E,68.3533,19.0475
SRR7151597,Peatlands,200,PRJNA386568,Illumina HiSeq 2500,Sweden,Europe,68.3533 N 19.0475 E,68.3533,19.0475
SRR7151639,Peatlands,202,PRJNA386568,Illumina HiSeq 2500,Sweden,Europe,68.3535 N 19.0474 E,68.3535,19.0474
SRR7151607,Peatlands,252,PRJNA386568,Illumina HiSeq 2000,Sweden,Europe,68.3533 N 19.0467 E,68.3533,19.0467
SRR7151635,Peatlands,202,PRJNA386568,Illumina HiSeq 2500,Sweden,Europe,68.3533 N 19.0475 E,68.3533,19.0475
SRR7151669,Peatlands,202,PRJNA386568,Illumina HiSeq 2500,Sweden,Europe,68.3534 N 19.0476 E,68.3534,19.0476
SRR7151645,Peatlands,202,PRJNA386568,Illumina HiSeq 2500,Sweden,Europe,68.3533 N 19.0475 E,68.3533,19.0475
SRR7151634,Peatlands,202,PRJNA386568,Illumina HiSeq 2500,Sweden,Europe,68.3533 N 19.0475 E,68.3533,19.0475
SRR7151540,Peatlands,202,PRJNA386568,Illumina HiSeq 2500,Sweden,Europe,68.3533 N 19.0475 E,68.3533,19.0475
SRR7151659,Peatlands,252,PRJNA386568,Illumina HiSeq 2000,Sweden,Europe,68.3533 N 19.0469 E,68.3533,19.0469
SRR7151673,Peatlands,202,PRJNA386568,Illumina HiSeq 2500,Sweden,Europe,68.3533 N 19.0475 E,68.3533,19.0475
SRR7151644,Peatlands,200,PRJNA386568,Illumina HiSeq 2000,Sweden,Europe,68.3534 N 19.0468 E,68.3534,19.0468
SRR7151627,Peatlands,200,PRJNA386568,Illumina HiSeq 2500,Sweden,Europe,68.3534 N 19.0472 E,68.3534,19.0472
SRR7151670,Peatlands,202,PRJNA386568,Illumina HiSeq 2500,Sweden,Europe,68.3534 N 19.0476 E,68.3534,19.0476
SRR7151608,Peatlands,252,PRJNA386568,Illumina HiSeq 2000,Sweden,Europe,68.3533 N 19.0467 E,68.3533,19.0467
SRR7151671,Peatlands,202,PRJNA386568,Illumina HiSeq 2500,Sweden,Europe,68.3534 N 19.0476 E,68.3534,19.0476
SRR7151575,Peatlands,252,PRJNA386568,Illumina HiSeq 2000,Sweden,Europe,68.3533 N 19.0476 E,68.3533,19.0476
SRR7151537,Peatlands,252,PRJNA386568,Illumina HiSeq 2000,Sweden,Europe,68.3533 N 19.0476 E,68.3533,19.0476
SRR7151609,Peatlands,252,PRJNA386568,Illumina HiSeq 2000,Sweden,Europe,68.3534 N 19.0468 E,68.3534,19.0468
SRR7151603,Peatlands,252,PRJNA386568,Illumina HiSeq 2000,Sweden,Europe,68.3534 N 19.0468 E,68.3534,19.0468
SRR7151648,Peatlands,202,PRJNA386568,Illumina HiSeq 2500,Sweden,Europe,68.3533 N 19.0475 E,68.3533,19.0475
SRR7151577,Peatlands,252,PRJNA386568,Illumina HiSeq 2000,Sweden,Europe,68.3533 N 19.0476 E,68.3533,19.0476
SRR7151606,Peatlands,252,PRJNA386568,Illumina HiSeq 2000,Sweden,Europe,68.3534 N 19.0468 E,68.3534,19.0468
SRR7151665,Peatlands,252,PRJNA386568,Illumina HiSeq 2000,Sweden,Europe,68.3533 N 19.0467 E,68.3533,19.0467
SRR7151610,Peatlands,252,PRJNA386568,Illumina HiSeq 2000,Sweden,Europe,68.3533 N 19.0467 E,68.3533,19.0467
SRR7151672,Peatlands,202,PRJNA386568,Illumina HiSeq 2500,Sweden,Europe,68.3534 N 19.0476 E,68.3534,19.0476
SRR7151668,Peatlands,200,PRJNA386568,Illumina HiSeq 2500,Sweden,Europe,68.3535 N 19.0471 E,68.3535,19.0471
SRR7151720,Peatlands,200,PRJNA386568,Illumina HiSeq 2000,Sweden,Europe,68.3533 N 19.0468 E,68.3533,19.0468
SRR7151664,Peatlands,200,PRJNA386568,Illumina HiSeq 2500,Sweden,Europe,68.3533 N 19.0475 E,68.3533,19.0475
SRR7151576,Peatlands,252,PRJNA386568,Illumina HiSeq 2000,Sweden,Europe,68.3533 N 19.0469 E,68.3533,19.0469
SRR7151643,Peatlands,200,PRJNA386568,Illumina HiSeq 2000,Sweden,Europe,68.3534 N 19.0467 E,68.3534,19.0467
SRR7151499,Peatlands,252,PRJNA386568,Illumina HiSeq 2000,Sweden,Europe,68.3533 N 19.0476 E,68.3533,19.0476
SRR7151544,Peatlands,200,PRJNA386568,Illumina HiSeq 2000,Sweden,Europe,68.3534 N 19.0468 E,68.3534,19.0468
SRR7151522,Peatlands,252,PRJNA386568,Illumina HiSeq 2000,Sweden,Europe,68.3535 N 19.0472 E,68.3535,19.0472
SRR7151495,Peatlands,252,PRJNA386568,Illumina HiSeq 2000,Sweden,Europe,68.3535 N 19.0472 E,68.3535,19.0472
SRR7151535,Peatlands,252,PRJNA386568,Illumina HiSeq 2000,Sweden,Europe,68.3533 N 19.0476 E,68.3533,19.0476
SRR7151494,Peatlands,252,PRJNA386568,Illumina HiSeq 2000,Sweden,Europe,68.3535 N 19.0472 E,68.3535,19.0472
SRR7151534,Peatlands,252,PRJNA386568,Illumina HiSeq 2000,Sweden,Europe,68.3533 N 19.0476 E,68.3533,19.0476
SRR7151533,Peatlands,252,PRJNA386568,Illumina HiSeq 2000,Sweden,Europe,68.3533 N 19.0476 E,68.3533,19.0476
SRR7151530,Peatlands,252,PRJNA386568,Illumina HiSeq 2000,Sweden,Europe,68.3535 N 19.0472 E,68.3535,19.0472
SRR7151498,Peatlands,252,PRJNA386568,Illumina HiSeq 2000,Sweden,Europe,68.3533 N 19.0476 E,68.3533,19.0476
SRR7151493,Peatlands,252,PRJNA386568,Illumina HiSeq 2000,Sweden,Europe,68.3533 N 19.0476 E,68.3533,19.0476
SRR7151531,Peatlands,252,PRJNA386568,Illumina HiSeq 2000,Sweden,Europe,68.3535 N 19.0472 E,68.3535,19.0472
SRR7151727,Peatlands,252,PRJNA386568,Illumina HiSeq 2000,Sweden,Europe,68.3533 N 19.0467 E,68.3533,19.0467
SRR7151730,Peatlands,252,PRJNA386568,Illumina HiSeq 2000,Sweden,Europe,68.3533 N 19.0467 E,68.3533,19.0467
SRR7151508,Peatlands,252,PRJNA386568,Illumina HiSeq 2000,Sweden,Europe,68.3533 N 19.0467 E,68.3533,19.0467
SRR7151729,Peatlands,252,PRJNA386568,Illumina HiSeq 2000,Sweden,Europe,68.3533 N 19.0467 E,68.3533,19.0467
SRR7151570,Peatlands,252,PRJNA386568,Illumina HiSeq 2000,Sweden,Europe,68.3534 N 19.0468 E,68.3534,19.0468
SRR7151571,Peatlands,252,PRJNA386568,Illumina HiSeq 2000,Sweden,Europe,68.3534 N 19.0468 E,68.3534,19.0468
SRR7151568,Peatlands,252,PRJNA386568,Illumina HiSeq 2000,Sweden,Europe,68.3534 N 19.0468 E,68.3534,19.0468
SRR7151732,Peatlands,252,PRJNA386568,Illumina HiSeq 2000,Sweden,Europe,68.3534 N 19.0468 E,68.3534,19.0468
SRR7151572,Peatlands,252,PRJNA386568,Illumina HiSeq 2000,Sweden,Europe,68.3534 N 19.0468 E,68.3534,19.0468
SRR23247698,Peatlands,300,PRJNA386568,NextSeq 500,Sweden,Europe,68.353362 N 19.047517 E,68.353362,19.047517
SRR23247733,Peatlands,300,PRJNA386568,NextSeq 500,Sweden,Europe,68.353280 N 19.047198 E,68.35328,19.047198
SRR23247692,Peatlands,300,PRJNA386568,NextSeq 500,Sweden,Europe,68.353320 N 19.046772 E,68.35332,19.046772
SRR23247697,Peatlands,300,PRJNA386568,NextSeq 500,Sweden,Europe,68.353362 N 19.047517 E,68.353362,19.047517
SRR23247702,Peatlands,300,PRJNA386568,NextSeq 500,Sweden,Europe,68.353292 N 19.047535 E,68.353292,19.047535
SRR23247742,Peatlands,300,PRJNA386568,NextSeq 500,Sweden,Europe,68.35 N 19.05 E,68.35,19.05
SRR23247708,Peatlands,300,PRJNA386568,NextSeq 500,Sweden,Europe,68.353290 N 19.047453 E,68.35329,19.047453
SRR23247678,Peatlands,300,PRJNA386568,NextSeq 500,Sweden,Europe,68.35343 N 19.04718 E,68.35343,19.04718
SRR23247677,Peatlands,300,PRJNA386568,NextSeq 500,Sweden,Europe,68.353448 N 19.047268 E,68.353448,19.047268
SRR23247675,Peatlands,300,PRJNA386568,NextSeq 500,Sweden,Europe,68.353448 N 19.047268 E,68.353448,19.047268
SRR23247709,Peatlands,300,PRJNA386568,NextSeq 500,Sweden,Europe,68.353457 N 19.047345 E,68.353457,19.047345
SRR23247741,Peatlands,300,PRJNA386568,NextSeq 500,Sweden,Europe,68.35 N 19.05 E,68.35,19.05
SRR23247691,Peatlands,300,PRJNA386568,NextSeq 500,Sweden,Europe,68.353320 N 19.046772 E,68.35332,19.046772
SRR23247687,Peatlands,300,PRJNA386568,NextSeq 500,Sweden,Europe,68.353265 N 19.046653 E,68.353265,19.046653
SRR23247699,Peatlands,300,PRJNA386568,NextSeq 500,Sweden,Europe,68.353362 N 19.047517 E,68.353362,19.047517
SRR23247771,Peatlands,300,PRJNA386568,NextSeq 500,Sweden,Europe,68.353343 N 19.046823 E,68.353343,19.046823
SRR23247727,Peatlands,300,PRJNA386568,NextSeq 500,Sweden,Europe,68.3531982 N 19.047620 E,68.3531982,19.04762
SRR23247716,Peatlands,300,PRJNA386568,NextSeq 500,Sweden,Europe,68.353303 N 19.046818 E,68.353303,19.046818
SRR23247724,Peatlands,300,PRJNA386568,NextSeq 500,Sweden,Europe,68.3531982 N 19.047620 E,68.3531982,19.04762
SRR23247721,Peatlands,300,PRJNA386568,NextSeq 500,Sweden,Europe,68.35330 N 19.04703 E,68.3533,19.04703
SRR23247705,Peatlands,300,PRJNA386568,NextSeq 500,Sweden,Europe,68.353290 N 19.047453 E,68.35329,19.047453
SRR23247738,Peatlands,300,PRJNA386568,NextSeq 500,Sweden,Europe,68.353288 N 19.047562 E,68.353288,19.047562
SRR23247667,Peatlands,300,PRJNA386568,NextSeq 500,Sweden,Europe,68.353325 N 19.047537 E,68.353325,19.047537
SRR23247704,Peatlands,300,PRJNA386568,NextSeq 500,Sweden,Europe,68.353292 N 19.047535 E,68.353292,19.047535
SRR23247684,Peatlands,300,PRJNA386568,NextSeq 500,Sweden,Europe,68.353288 N 19.047562 E,68.353288,19.047562
SRR23247701,Peatlands,300,PRJNA386568,NextSeq 500,Sweden,Europe,68.353292 N 19.047535 E,68.353292,19.047535
SRR23247714,Peatlands,300,PRJNA386568,NextSeq 500,Sweden,Europe,68.35338 N 19.04687 E,68.35338,19.04687
SRR23247752,Peatlands,300,PRJNA386568,NextSeq 500,Sweden,Europe,68.353343 N 19.046823 E,68.353343,19.046823
SRR23247782,Peatlands,300,PRJNA386568,NextSeq 500,Sweden,Europe,68.353343 N 19.046823 E,68.353343,19.046823
SRR23247749,Peatlands,300,PRJNA386568,NextSeq 500,Sweden,Europe,68.353370 N 19.046680 E,68.35337,19.04668
SRR23247700,Peatlands,300,PRJNA386568,NextSeq 500,Sweden,Europe,68.353292 N 19.047535 E,68.353292,19.047535
SRR23247729,Peatlands,300,PRJNA386568,NextSeq 500,Sweden,Europe,68.3531982 N 19.047620 E,68.3531982,19.04762
SRR23247686,Peatlands,300,PRJNA386568,NextSeq 500,Sweden,Europe,68.353265 N 19.046653 E,68.353265,19.046653
SRR23247726,Peatlands,300,PRJNA386568,NextSeq 500,Sweden,Europe,68.3531982 N 19.047620 E,68.3531982,19.04762
SRR23247750,Peatlands,300,PRJNA386568,NextSeq 500,Sweden,Europe,68.353370 N 19.046680 E,68.35337,19.04668
SRR23247744,Peatlands,300,PRJNA386568,NextSeq 500,Sweden,Europe,68.353370 N 19.046680 E,68.35337,19.04668
SRR23247717,Peatlands,300,PRJNA386568,NextSeq 500,Sweden,Europe,68.353303 N 19.046818 E,68.353303,19.046818
SRR23247703,Peatlands,300,PRJNA386568,NextSeq 500,Sweden,Europe,68.353292 N 19.047535 E,68.353292,19.047535
SRR23247737,Peatlands,300,PRJNA386568,NextSeq 500,Sweden,Europe,68.353288 N 19.047562 E,68.353288,19.047562
SRR23247713,Peatlands,300,PRJNA386568,NextSeq 500,Sweden,Europe,68.35338 N 19.04687 E,68.35338,19.04687
SRR23247693,Peatlands,300,PRJNA386568,NextSeq 500,Sweden,Europe,68.353362 N 19.047517 E,68.353362,19.047517
SRR23247735,Peatlands,300,PRJNA386568,NextSeq 500,Sweden,Europe,68.353288 N 19.047562 E,68.353288,19.047562
SRR23247679,Peatlands,301,PRJNA386568,NextSeq 500,Sweden,Europe,68.35343 N 19.04718 E,68.35343,19.04718
SRR23247668,Peatlands,300,PRJNA386568,NextSeq 500,Sweden,Europe,68.353325 N 19.047537 E,68.353325,19.047537
SRR23247739,Peatlands,300,PRJNA386568,NextSeq 500,Sweden,Europe,68.353288 N 19.047562 E,68.353288,19.047562
SRR23247747,Peatlands,300,PRJNA386568,NextSeq 500,Sweden,Europe,68.353370 N 19.046680 E,68.35337,19.04668
SRR23247748,Peatlands,300,PRJNA386568,NextSeq 500,Sweden,Europe,68.353370 N 19.046680 E,68.35337,19.04668
SRR23247683,Peatlands,300,PRJNA386568,NextSeq 500,Sweden,Europe,68.35338 N 19.04687 E,68.35338,19.04687
SRR23247736,Peatlands,300,PRJNA386568,NextSeq 500,Sweden,Europe,68.353288 N 19.047562 E,68.353288,19.047562
SRR23247689,Peatlands,300,PRJNA386568,NextSeq 500,Sweden,Europe,68.353320 N 19.046772 E,68.35332,19.046772
SRR23247712,Peatlands,300,PRJNA386568,NextSeq 500,Sweden,Europe,68.35338 N 19.04687 E,68.35338,19.04687
SRR23247715,Peatlands,300,PRJNA386568,NextSeq 500,Sweden,Europe,68.353303 N 19.046818 E,68.353303,19.046818
SRR23247731,Peatlands,301,PRJNA386568,NextSeq 500,Sweden,Europe,68.353280 N 19.047198 E,68.35328,19.047198
SRR23247665,Peatlands,300,PRJNA386568,NextSeq 500,Sweden,Europe,68.353325 N 19.047537 E,68.353325,19.047537
SRR23247664,Peatlands,300,PRJNA386568,NextSeq 500,Sweden,Europe,68.353317 N 19.047540 E,68.353317,19.04754
SRR23247757,Peatlands,300,PRJNA386568,NextSeq 500,Sweden,Europe,68.353253 N 19.047523 E,68.353253,19.047523
SRR23247792,Peatlands,300,PRJNA386568,NextSeq 500,Sweden,Europe,68.353315 N 19.047507 E,68.353315,19.047507
SRR23247754,Peatlands,301,PRJNA386568,NextSeq 500,Sweden,Europe,68.353283 N 19.047553 E,68.353283,19.047553
SRR23247662,Peatlands,300,PRJNA386568,NextSeq 500,Sweden,Europe,68.353317 N 19.047540 E,68.353317,19.04754
SRR23247666,Peatlands,300,PRJNA386568,NextSeq 500,Sweden,Europe,68.353325 N 19.047537 E,68.353325,19.047537
SRR23247663,Peatlands,300,PRJNA386568,NextSeq 500,Sweden,Europe,68.353317 N 19.047540 E,68.353317,19.04754
SRR23247690,Peatlands,300,PRJNA386568,NextSeq 500,Sweden,Europe,68.353320 N 19.046772 E,68.35332,19.046772
SRR23247734,Peatlands,300,PRJNA386568,NextSeq 500,Sweden,Europe,68.353280 N 19.047198 E,68.35328,19.047198
SRR23247728,Peatlands,300,PRJNA386568,NextSeq 500,Sweden,Europe,68.3531982 N 19.047620 E,68.3531982,19.04762
SRR23247778,Peatlands,301,PRJNA386568,NextSeq 500,Sweden,Europe,68.353408 N 19.046727 E,68.353408,19.046727
SRR23247753,Peatlands,301,PRJNA386568,NextSeq 500,Sweden,Europe,68.353283 N 19.047553 E,68.353283,19.047553
SRR23247761,Peatlands,301,PRJNA386568,NextSeq 500,Sweden,Europe,68.353253 N 19.047523 E,68.353253,19.047523
SRR23247660,Peatlands,300,PRJNA386568,NextSeq 500,Sweden,Europe,68.353315 N 19.047507 E,68.353315,19.047507
SRR23247787,Peatlands,300,PRJNA386568,NextSeq 500,Sweden,Europe,68.353237 N 19.047013 E,68.353237,19.047013
SRR23247756,Peatlands,300,PRJNA386568,NextSeq 500,Sweden,Europe,68.353283 N 19.047553 E,68.353283,19.047553
SRR23247790,Peatlands,300,PRJNA386568,NextSeq 500,Sweden,Europe,68.353237 N 19.047013 E,68.353237,19.047013
SRR23247762,Peatlands,301,PRJNA386568,NextSeq 500,Sweden,Europe,68.353170 N 19.047407 E,68.35317,19.047407
SRR23247764,Peatlands,301,PRJNA386568,NextSeq 500,Sweden,Europe,68.353170 N 19.047407 E,68.35317,19.047407
SRR23247763,Peatlands,300,PRJNA386568,NextSeq 500,Sweden,Europe,68.353170 N 19.047407 E,68.35317,19.047407
SRR23247788,Peatlands,301,PRJNA386568,NextSeq 500,Sweden,Europe,68.353237 N 19.047013 E,68.353237,19.047013
SRR23247785,Peatlands,300,PRJNA386568,NextSeq 500,Sweden,Europe,68.353345 N 19.046740 E,68.353345,19.04674
SRR23247775,Peatlands,301,PRJNA386568,NextSeq 500,Sweden,Europe,68.354513 N 19.046597 E,68.354513,19.046597
SRR23247765,Peatlands,301,PRJNA386568,NextSeq 500,Sweden,Europe,68.353170 N 19.047407 E,68.35317,19.047407
SRR23247780,Peatlands,301,PRJNA386568,NextSeq 500,Sweden,Europe,68.353408 N 19.046727 E,68.353408,19.046727
SRR23247786,Peatlands,300,PRJNA386568,NextSeq 500,Sweden,Europe,68.353345 N 19.046740 E,68.353345,19.04674
SRR23247789,Peatlands,300,PRJNA386568,NextSeq 500,Sweden,Europe,68.353237 N 19.047013 E,68.353237,19.047013
SRR23247783,Peatlands,301,PRJNA386568,NextSeq 500,Sweden,Europe,68.353345 N 19.046740 E,68.353345,19.04674
SRR23247707,Peatlands,300,PRJNA386568,NextSeq 500,Sweden,Europe,68.354490 N 19.048032 E,68.35449,19.048032
SRR23247793,Peatlands,300,PRJNA386568,NextSeq 500,Sweden,Europe,68.353343 N 19.046823 E,68.353343,19.046823
SRR23247719,Peatlands,300,PRJNA386568,NextSeq 500,Sweden,Europe,68.35 N 19.05 E,68.35,19.05
SRR23247795,Peatlands,300,PRJNA386568,NextSeq 500,Sweden,Europe,68.354490 N 19.048032 E,68.35449,19.048032
SRR7151637,Peatlands,300,PRJNA386568,NextSeq 500,Sweden,Europe,68.3533 N 19.0468 E,68.3533,19.0468
SRR7151734,Peatlands,300,PRJNA386568,NextSeq 500,Sweden,Europe,68.3534 N 19.0475 E,68.3534,19.0475
SRR7151523,Peatlands,300,PRJNA386568,NextSeq 500,Sweden,Europe,68.3534 N 19.0467 E,68.3534,19.0467
SRR7151739,Peatlands,301,PRJNA386568,NextSeq 500,Sweden,Europe,68.3533 N 19.0476 E,68.3533,19.0476
SRR7151740,Peatlands,300,PRJNA386568,NextSeq 500,Sweden,Europe,68.3533 N 19.0476 E,68.3533,19.0476
SRR7151715,Peatlands,300,PRJNA386568,NextSeq 500,Sweden,Europe,68.3533 N 19.0466 E,68.3533,19.0466
SRR7151710,Peatlands,301,PRJNA386568,NextSeq 500,Sweden,Europe,68.3533 N 19.0475 E,68.3533,19.0475
SRR7151557,Peatlands,300,PRJNA386568,NextSeq 500,Sweden,Europe,68.3535 N 19.0473 E,68.3535,19.0473
SRR7151733,Peatlands,300,PRJNA386568,NextSeq 500,Sweden,Europe,68.3534 N 19.0475 E,68.3534,19.0475
SRR7151559,Peatlands,300,PRJNA386568,NextSeq 500,Sweden,Europe,68.3534 N 19.0475 E,68.3534,19.0475
SRR7151743,Peatlands,300,PRJNA386568,NextSeq 500,Sweden,Europe,68.3534 N 19.0467 E,68.3534,19.0467
SRR7151510,Peatlands,302,PRJNA386568,Illumina HiSeq 2000,Sweden,Europe,68.3535 N 19.0471 E,68.3535,19.0471
SRR7151716,Peatlands,300,PRJNA386568,NextSeq 500,Sweden,Europe,68.3535 N 19.0471 E,68.3535,19.0471
SRR7151711,Peatlands,300,PRJNA386568,NextSeq 500,Sweden,Europe,68.3533 N 19.0475 E,68.3533,19.0475
SRR7151556,Peatlands,300,PRJNA386568,NextSeq 500,Sweden,Europe,68.3535 N 19.0473 E,68.3535,19.0473
SRR7151558,Peatlands,300,PRJNA386568,NextSeq 500,Sweden,Europe,68.3535 N 19.0473 E,68.3535,19.0473
SRR7151560,Peatlands,300,PRJNA386568,NextSeq 500,Sweden,Europe,68.3534 N 19.0475 E,68.3534,19.0475
SRR7151695,Peatlands,302,PRJNA386568,Illumina HiSeq 2000,Sweden,Europe,68.3535 N 19.0471 E,68.3535,19.0471
SRR7151662,Peatlands,300,PRJNA386568,NextSeq 500,Sweden,Europe,68.3533 N 19.0476 E,68.3533,19.0476
SRR7151555,Peatlands,300,PRJNA386568,NextSeq 500,Sweden,Europe,68.3535 N 19.0473 E,68.3535,19.0473
SRR7151680,Peatlands,300,PRJNA386568,NextSeq 500,Sweden,Europe,68.3535 N 19.0473 E,68.3535,19.0473
SRR7151564,Peatlands,301,PRJNA386568,NextSeq 500,Sweden,Europe,68.3533 N 19.0476 E,68.3533,19.0476
SRR7151628,Peatlands,300,PRJNA386568,NextSeq 500,Sweden,Europe,68.3534 N 19.0473 E,68.3534,19.0473
SRR7151698,Peatlands,301,PRJNA386568,NextSeq 500,Sweden,Europe,68.3534 N 19.0475 E,68.3534,19.0475
SRR7151631,Peatlands,300,PRJNA386568,NextSeq 500,Sweden,Europe,68.3534 N 19.0473 E,68.3534,19.0473
SRR7151683,Peatlands,300,PRJNA386568,NextSeq 500,Sweden,Europe,68.3534 N 19.0466 E,68.3534,19.0466
SRR7151663,Peatlands,301,PRJNA386568,NextSeq 500,Sweden,Europe,68.3533 N 19.0475 E,68.3533,19.0475
SRR7151679,Peatlands,300,PRJNA386568,NextSeq 500,Sweden,Europe,68.3535 N 19.0473 E,68.3535,19.0473
SRR7151595,Peatlands,300,PRJNA386568,Illumina HiSeq 2000,Sweden,Europe,68.3533 N 19.0466 E,68.3533,19.0466
SRR7151593,Peatlands,300,PRJNA386568,Illumina HiSeq 2000,Sweden,Europe,68.3533 N 19.0466 E,68.3533,19.0466
SRR7151592,Peatlands,300,PRJNA386568,Illumina HiSeq 2000,Sweden,Europe,68.3534 N 19.0467 E,68.3534,19.0467
SRR7151596,Peatlands,300,PRJNA386568,Illumina HiSeq 2000,Sweden,Europe,68.3534 N 19.0467 E,68.3534,19.0467
SRR7151700,Peatlands,301,PRJNA386568,NextSeq 500,Sweden,Europe,68.3534 N 19.0475 E,68.3534,19.0475
SRR7151590,Peatlands,301,PRJNA386568,NextSeq 500,Sweden,Europe,68.3537 N 19.0476 E,68.3537,19.0476
SRR7151589,Peatlands,301,PRJNA386568,NextSeq 500,Sweden,Europe,68.3537 N 19.0476 E,68.3537,19.0476
SRR7151701,Peatlands,300,PRJNA386568,NextSeq 500,Sweden,Europe,68.3533 N 19.0475 E,68.3533,19.0475
SRR7151741,Peatlands,301,PRJNA386568,NextSeq 500,Sweden,Europe,68.3533 N 19.0475 E,68.3533,19.0475
SRR7151617,Peatlands,300,PRJNA386568,NextSeq 500,Sweden,Europe,68.3532 N 19.0469 E,68.3532,19.0469
SRR7151616,Peatlands,300,PRJNA386568,NextSeq 500,Sweden,Europe,68.3532 N 19.0469 E,68.3532,19.0469
SRR7151704,Peatlands,300,PRJNA386568,NextSeq 500,Sweden,Europe,68.3534 N 19.0467 E,68.3534,19.0467
SRR7151705,Peatlands,300,PRJNA386568,NextSeq 500,Sweden,Europe,68.3534 N 19.0467 E,68.3534,19.0467
SRR7151618,Peatlands,301,PRJNA386568,NextSeq 500,Sweden,Europe,68.3533 N 19.0466 E,68.3533,19.0466
SRR7151496,Peatlands,300,PRJNA386568,NextSeq 500,Sweden,Europe,68.3535 N 19.0472 E,68.3535,19.0472
SRR7151532,Peatlands,300,PRJNA386568,NextSeq 500,Sweden,Europe,68.3533 N 19.0476 E,68.3533,19.0476
SRR7151723,Peatlands,301,PRJNA386568,NextSeq 500,Sweden,Europe,68.3533 N 19.0467 E,68.3533,19.0467
SRR7151726,Peatlands,301,PRJNA386568,NextSeq 500,Sweden,Europe,68.3533 N 19.0467 E,68.3533,19.0467
SRR6960558,Peatlands,302,PRJNA443723,Illumina HiSeq 2500,Sweden,Europe,68.3500 N 19.0500 E,68.35,19.05
SRR6960539,Peatlands,302,PRJNA443724,Illumina HiSeq 2500,Sweden,Europe,68.3500 N 19.0500 E,68.35,19.05
SRR6962291,Peatlands,302,PRJNA443725,Illumina HiSeq 2500,Sweden,Europe,68.3500 N 19.0500 E,68.35,19.05
SRR6960546,Peatlands,302,PRJNA443726,Illumina HiSeq 2500,Sweden,Europe,68.3500 N 19.0500 E,68.35,19.05
SRR8475546,Peatlands,302,PRJNA502763,Illumina NovaSeq 6000,Sweden,Europe,68.3532 N 19.0477 E,68.3532,19.0477
SRR8475545,Peatlands,302,PRJNA502764,Illumina NovaSeq 6000,Sweden,Europe,68.3532 N 19.0477 E,68.3532,19.0477
SRR8475547,Peatlands,302,PRJNA502765,Illumina NovaSeq 6000,Sweden,Europe,68.3532 N 19.0477 E,68.3532,19.0477
SRR8475544,Peatlands,302,PRJNA502766,Illumina NovaSeq 6000,Sweden,Europe,68.3532 N 19.0477 E,68.3532,19.0477
SRR8475549,Peatlands,302,PRJNA502767,Illumina NovaSeq 6000,Sweden,Europe,68.3532 N 19.0477 E,68.3532,19.0477
SRR8475571,Peatlands,302,PRJNA502768,Illumina NovaSeq 6000,Sweden,Europe,68.3532 N 19.0477 E,68.3532,19.0477
SRR8475548,Peatlands,302,PRJNA502769,Illumina NovaSeq 6000,Sweden,Europe,68.3532 N 19.0477 E,68.3532,19.0477
SRR8475614,Peatlands,302,PRJNA502770,Illumina NovaSeq 6000,Sweden,Europe,68.3532 N 19.0469 E,68.3532,19.0469
SRR8475651,Peatlands,302,PRJNA502771,Illumina NovaSeq 6000,Sweden,Europe,68.3532 N 19.0469 E,68.3532,19.0469
SRR8475652,Peatlands,302,PRJNA502772,Illumina NovaSeq 6000,Sweden,Europe,68.3532 N 19.0469 E,68.3532,19.0469
SRR8475653,Peatlands,302,PRJNA502773,Illumina NovaSeq 6000,Sweden,Europe,68.3532 N 19.0469 E,68.3532,19.0469
SRR8475662,Peatlands,302,PRJNA502774,Illumina NovaSeq 6000,Sweden,Europe,68.3532 N 19.0469 E,68.3532,19.0469
SRR8476209,Peatlands,302,PRJNA502775,Illumina NovaSeq 6000,Sweden,Europe,68.3532 N 19.0469 E,68.3532,19.0469
SRR8476221,Peatlands,302,PRJNA502776,Illumina NovaSeq 6000,Sweden,Europe,68.3532 N 19.0469 E,68.3532,19.0469
SRR8476227,Peatlands,302,PRJNA502777,Illumina NovaSeq 6000,Sweden,Europe,68.3532 N 19.0469 E,68.3532,19.0469
SRR8553822,Peatlands,302,PRJNA518330,Illumina NovaSeq 6000,Sweden,Europe,68.3532 N 19.0477 E,68.3532,19.0477
SRR8553821,Peatlands,302,PRJNA518331,Illumina NovaSeq 6000,Sweden,Europe,68.3532 N 19.0477 E,68.3532,19.0477
SRR8553823,Peatlands,302,PRJNA518332,Illumina NovaSeq 6000,Sweden,Europe,68.3532 N 19.0477 E,68.3532,19.0477
SRR8553829,Peatlands,302,PRJNA518333,Illumina NovaSeq 6000,Sweden,Europe,68.3532 N 19.0477 E,68.3532,19.0477
SRR8553828,Peatlands,302,PRJNA518334,Illumina NovaSeq 6000,Sweden,Europe,68.3532 N 19.0477 E,68.3532,19.0477
SRR8553832,Peatlands,302,PRJNA518335,Illumina NovaSeq 6000,Sweden,Europe,68.3532 N 19.0477 E,68.3532,19.0477
SRR8553831,Peatlands,302,PRJNA518336,Illumina NovaSeq 6000,Sweden,Europe,68.3532 N 19.0477 E,68.3532,19.0477
SRR8553830,Peatlands,302,PRJNA518337,Illumina NovaSeq 6000,Sweden,Europe,68.3532 N 19.0477 E,68.3532,19.0477
SRR8553834,Peatlands,302,PRJNA518338,Illumina NovaSeq 6000,Sweden,Europe,68.3532 N 19.0469 E,68.3532,19.0469
SRR8553843,Peatlands,302,PRJNA518339,Illumina NovaSeq 6000,Sweden,Europe,68.3532 N 19.0469 E,68.3532,19.0469
SRR8553849,Peatlands,302,PRJNA518342,Illumina NovaSeq 6000,Sweden,Europe,68.3532 N 19.0469 E,68.3532,19.0469
SRR8553851,Peatlands,302,PRJNA518343,Illumina NovaSeq 6000,Sweden,Europe,68.3535 N 19.0473 E,68.3535,19.0473
SRR8553858,Peatlands,302,PRJNA518345,Illumina NovaSeq 6000,Sweden,Europe,68.3535 N 19.0473 E,68.3535,19.0473
SRR8553952,Peatlands,302,PRJNA518349,Illumina NovaSeq 6000,Sweden,Europe,68.3532 N 19.0477 E,68.3532,19.0477
SRR8553977,Peatlands,302,PRJNA518351,Illumina NovaSeq 6000,Sweden,Europe,68.3532 N 19.0477 E,68.3532,19.0477
SRR8554006,Peatlands,302,PRJNA518353,Illumina NovaSeq 6000,Sweden,Europe,68.3532 N 19.0477 E,68.3532,19.0477
SRR8554049,Peatlands,302,PRJNA518354,Illumina NovaSeq 6000,Sweden,Europe,68.3532 N 19.0477 E,68.3532,19.0477
SRR8554043,Peatlands,302,PRJNA518355,Illumina NovaSeq 6000,Sweden,Europe,68.3532 N 19.0477 E,68.3532,19.0477
SRR8554046,Peatlands,302,PRJNA518356,Illumina NovaSeq 6000,Sweden,Europe,68.3532 N 19.0477 E,68.3532,19.0477
SRR8554042,Peatlands,302,PRJNA518357,Illumina NovaSeq 6000,Sweden,Europe,68.3532 N 19.0469 E,68.3532,19.0469
SRR8554074,Peatlands,302,PRJNA518358,Illumina NovaSeq 6000,Sweden,Europe,68.3532 N 19.0469 E,68.3532,19.0469
SRR8554076,Peatlands,302,PRJNA518359,Illumina NovaSeq 6000,Sweden,Europe,68.3532 N 19.0469 E,68.3532,19.0469
SRR8554078,Peatlands,302,PRJNA518360,Illumina NovaSeq 6000,Sweden,Europe,68.3532 N 19.0469 E,68.3532,19.0469
SRR8554077,Peatlands,302,PRJNA518361,Illumina NovaSeq 6000,Sweden,Europe,68.3532 N 19.0469 E,68.3532,19.0469
SRR8554079,Peatlands,302,PRJNA518362,Illumina NovaSeq 6000,Sweden,Europe,68.3532 N 19.0469 E,68.3532,19.0469
SRR8554080,Peatlands,302,PRJNA518363,Illumina NovaSeq 6000,Sweden,Europe,68.3532 N 19.0469 E,68.3532,19.0469
SRR8554879,Peatlands,302,PRJNA518381,Illumina NovaSeq 6000,Sweden,Europe,68.3532 N 19.0469 E,68.3532,19.0469
SRR8554881,Peatlands,302,PRJNA518383,Illumina NovaSeq 6000,Sweden,Europe,68.3532 N 19.0469 E,68.3532,19.0469
SRR8554880,Peatlands,302,PRJNA518384,Illumina NovaSeq 6000,Sweden,Europe,68.3532 N 19.0469 E,68.3532,19.0469
SRR8554886,Peatlands,302,PRJNA518386,Illumina NovaSeq 6000,Sweden,Europe,68.3532 N 19.0469 E,68.3532,19.0469
SRR8554887,Peatlands,302,PRJNA518387,Illumina NovaSeq 6000,Sweden,Europe,68.3532 N 19.0469 E,68.3532,19.0469
SRR8554885,Peatlands,302,PRJNA518388,Illumina NovaSeq 6000,Sweden,Europe,68.3532 N 19.0469 E,68.3532,19.0469
SRR8554891,Peatlands,302,PRJNA518390,Illumina NovaSeq 6000,Sweden,Europe,68.3532 N 19.0469 E,68.3532,19.0469
SRR8554889,Peatlands,302,PRJNA518391,Illumina NovaSeq 6000,Sweden,Europe,68.3532 N 19.0469 E,68.3532,19.0469
SRR8554890,Peatlands,302,PRJNA518392,Illumina NovaSeq 6000,Sweden,Europe,68.3532 N 19.0477 E,68.3532,19.0477
SRR8554892,Peatlands,302,PRJNA518393,Illumina NovaSeq 6000,Sweden,Europe,68.3532 N 19.0477 E,68.3532,19.0477
SRR8554897,Peatlands,302,PRJNA518394,Illumina NovaSeq 6000,Sweden,Europe,68.3532 N 19.0477 E,68.3532,19.0477
SRR8554894,Peatlands,302,PRJNA518395,Illumina NovaSeq 6000,Sweden,Europe,68.3532 N 19.0477 E,68.3532,19.0477
SRR8554899,Peatlands,302,PRJNA518496,Illumina NovaSeq 6000,Sweden,Europe,68.3532 N 19.0477 E,68.3532,19.0477
SRR8554905,Peatlands,302,PRJNA518497,Illumina NovaSeq 6000,Sweden,Europe,68.3532 N 19.0477 E,68.3532,19.0477
SRR8554904,Peatlands,302,PRJNA518498,Illumina NovaSeq 6000,Sweden,Europe,68.3532 N 19.0477 E,68.3532,19.0477
SRR8555042,Peatlands,302,PRJNA518499,Illumina NovaSeq 6000,Sweden,Europe,68.3532 N 19.0477 E,68.3532,19.0477
SRR8555051,Peatlands,302,PRJNA518500,Illumina NovaSeq 6000,Sweden,Europe,68.3532 N 19.0477 E,68.3532,19.0477
SRR8555128,Peatlands,302,PRJNA518501,Illumina NovaSeq 6000,Sweden,Europe,68.3532 N 19.0477 E,68.3532,19.0477
SRR8555127,Peatlands,302,PRJNA518502,Illumina NovaSeq 6000,Sweden,Europe,68.3532 N 19.0477 E,68.3532,19.0477
SRR8555123,Peatlands,302,PRJNA518503,Illumina NovaSeq 6000,Sweden,Europe,68.3532 N 19.0477 E,68.3532,19.0477
SRR8555068,Peatlands,302,PRJNA518504,Illumina NovaSeq 6000,Sweden,Europe,68.3532 N 19.0477 E,68.3532,19.0477
SRR8555072,Peatlands,302,PRJNA518506,Illumina NovaSeq 6000,Sweden,Europe,68.3532 N 19.0469 E,68.3532,19.0469
SRR8555044,Peatlands,302,PRJNA518507,Illumina NovaSeq 6000,Sweden,Europe,68.3532 N 19.0469 E,68.3532,19.0469
SRR8555071,Peatlands,302,PRJNA518508,Illumina NovaSeq 6000,Sweden,Europe,68.3532 N 19.0469 E,68.3532,19.0469
SRR8555679,Peatlands,302,PRJNA518509,Illumina NovaSeq 6000,Sweden,Europe,68.3532 N 19.0469 E,68.3532,19.0469
SRR8555677,Peatlands,302,PRJNA518510,Illumina NovaSeq 6000,Sweden,Europe,68.3532 N 19.0469 E,68.3532,19.0469
SRR8555681,Peatlands,302,PRJNA518511,Illumina NovaSeq 6000,Sweden,Europe,68.3532 N 19.0469 E,68.3532,19.0469
SRR8555691,Peatlands,302,PRJNA518512,Illumina NovaSeq 6000,Sweden,Europe,68.3532 N 19.0469 E,68.3532,19.0469
SRR8555683,Peatlands,302,PRJNA518513,Illumina NovaSeq 6000,Sweden,Europe,68.3532 N 19.0469 E,68.3532,19.0469
SRR8555684,Peatlands,302,PRJNA518514,Illumina NovaSeq 6000,Sweden,Europe,68.3532 N 19.0469 E,68.3532,19.0469
SRR8555682,Peatlands,302,PRJNA518515,Illumina NovaSeq 6000,Sweden,Europe,68.3532 N 19.0469 E,68.3532,19.0469
SRR8555678,Peatlands,302,PRJNA518516,Illumina NovaSeq 6000,Sweden,Europe,68.3532 N 19.0469 E,68.3532,19.0469
SRR8555680,Peatlands,302,PRJNA518517,Illumina NovaSeq 6000,Sweden,Europe,68.3532 N 19.0469 E,68.3532,19.0469
SRR8555692,Peatlands,302,PRJNA518518,Illumina NovaSeq 6000,Sweden,Europe,68.3532 N 19.0469 E,68.3532,19.0469
SRR8555696,Peatlands,302,PRJNA518519,Illumina NovaSeq 6000,Sweden,Europe,68.3532 N 19.0469 E,68.3532,19.0469
SRR8555697,Peatlands,302,PRJNA518520,Illumina NovaSeq 6000,Sweden,Europe,68.3532 N 19.0469 E,68.3532,19.0469
SRR8555694,Peatlands,302,PRJNA518521,Illumina NovaSeq 6000,Sweden,Europe,68.3532 N 19.0469 E,68.3532,19.0469
SRR8555698,Peatlands,302,PRJNA518522,Illumina NovaSeq 6000,Sweden,Europe,68.3532 N 19.0469 E,68.3532,19.0469
SRR8555695,Peatlands,302,PRJNA518523,Illumina NovaSeq 6000,Sweden,Europe,68.3532 N 19.0469 E,68.3532,19.0469
SRR8555699,Peatlands,302,PRJNA518524,Illumina NovaSeq 6000,Sweden,Europe,68.3532 N 19.0469 E,68.3532,19.0469
SRR8556220,Peatlands,302,PRJNA518542,Illumina NovaSeq 6000,Sweden,Europe,68.3532 N 19.0477 E,68.3532,19.0477
SRR8556253,Peatlands,302,PRJNA518543,Illumina NovaSeq 6000,Sweden,Europe,68.3532 N 19.0477 E,68.3532,19.0477
SRR8556258,Peatlands,302,PRJNA518544,Illumina NovaSeq 6000,Sweden,Europe,68.3532 N 19.0477 E,68.3532,19.0477
SRR8556252,Peatlands,302,PRJNA518545,Illumina NovaSeq 6000,Sweden,Europe,68.3532 N 19.0477 E,68.3532,19.0477
SRR9020978,Peatlands,302,PRJNA539550,Illumina NovaSeq 6000,Sweden,Europe,68.3532 N 19.0477 E,68.3532,19.0477
SRR9020979,Peatlands,302,PRJNA539550,Illumina NovaSeq 6000,Sweden,Europe,68.3532 N 19.0477 E,68.3532,19.0477
SRR9021073,Peatlands,302,PRJNA539551,Illumina NovaSeq 6000,Sweden,Europe,68.3532 N 19.0477 E,68.3532,19.0477
SRR9021064,Peatlands,302,PRJNA539552,Illumina NovaSeq 6000,Sweden,Europe,68.3532 N 19.0477 E,68.3532,19.0477
SRR9020977,Peatlands,302,PRJNA539553,Illumina NovaSeq 6000,Sweden,Europe,68.3532 N 19.0469 E,68.3532,19.0469
SRR9020976,Peatlands,302,PRJNA539554,Illumina NovaSeq 6000,Sweden,Europe,68.3532 N 19.0469 E,68.3532,19.0469
SRR9021057,Peatlands,302,PRJNA539555,Illumina NovaSeq 6000,Sweden,Europe,68.3532 N 19.0469 E,68.3532,19.0469
SRR9020972,Peatlands,302,PRJNA539556,Illumina NovaSeq 6000,Sweden,Europe,68.3532 N 19.0469 E,68.3532,19.0469
SRR9021102,Peatlands,302,PRJNA539560,Illumina NovaSeq 6000,Sweden,Europe,68.3532 N 19.0477 E,68.3532,19.0477
SRR9021105,Peatlands,302,PRJNA539561,Illumina NovaSeq 6000,Sweden,Europe,68.3532 N 19.0477 E,68.3532,19.0477
SRR9021104,Peatlands,302,PRJNA539561,Illumina NovaSeq 6000,Sweden,Europe,68.3532 N 19.0477 E,68.3532,19.0477
SRR9021103,Peatlands,302,PRJNA539562,Illumina NovaSeq 6000,Sweden,Europe,68.3532 N 19.0477 E,68.3532,19.0477
SRR9021112,Peatlands,302,PRJNA539563,Illumina NovaSeq 6000,Sweden,Europe,68.3532 N 19.0477 E,68.3532,19.0477
SRR9021116,Peatlands,302,PRJNA539565,Illumina NovaSeq 6000,Sweden,Europe,68.3532 N 19.0477 E,68.3532,19.0477
SRR9021117,Peatlands,302,PRJNA539566,Illumina NovaSeq 6000,Sweden,Europe,68.3532 N 19.0477 E,68.3532,19.0477
SRR9021113,Peatlands,302,PRJNA539567,Illumina NovaSeq 6000,Sweden,Europe,68.3532 N 19.0477 E,68.3532,19.0477
SRR9021115,Peatlands,302,PRJNA539568,Illumina NovaSeq 6000,Sweden,Europe,68.3532 N 19.0477 E,68.3532,19.0477
SRR9021166,Peatlands,302,PRJNA539569,Illumina NovaSeq 6000,Sweden,Europe,68.3532 N 19.0477 E,68.3532,19.0477
SRR9021244,Peatlands,302,PRJNA539570,Illumina NovaSeq 6000,Sweden,Europe,68.3532 N 19.0469 E,68.3532,19.0469
SRR9021245,Peatlands,302,PRJNA539571,Illumina NovaSeq 6000,Sweden,Europe,68.3532 N 19.0469 E,68.3532,19.0469
SRR9021243,Peatlands,302,PRJNA539572,Illumina NovaSeq 6000,Sweden,Europe,68.3532 N 19.0469 E,68.3532,19.0469
SRR9021249,Peatlands,302,PRJNA539573,Illumina NovaSeq 6000,Sweden,Europe,68.3532 N 19.0469 E,68.3532,19.0469
SRR9021247,Peatlands,302,PRJNA539574,Illumina NovaSeq 6000,Sweden,Europe,68.3532 N 19.0469 E,68.3532,19.0469
SRR9021246,Peatlands,302,PRJNA539575,Illumina NovaSeq 6000,Sweden,Europe,68.3532 N 19.0469 E,68.3532,19.0469
SRR9021270,Peatlands,302,PRJNA539576,Illumina NovaSeq 6000,Sweden,Europe,68.3532 N 19.0469 E,68.3532,19.0469
SRR9021248,Peatlands,302,PRJNA539577,Illumina NovaSeq 6000,Sweden,Europe,68.3532 N 19.0469 E,68.3532,19.0469
SRR9023237,Peatlands,302,PRJNA539579,Illumina NovaSeq 6000,Sweden,Europe,68.3532 N 19.0469 E,68.3532,19.0469
SRR9023238,Peatlands,302,PRJNA539579,Illumina NovaSeq 6000,Sweden,Europe,68.3532 N 19.0469 E,68.3532,19.0469
SRR9648400,Peatlands,302,PRJNA539581,Illumina NovaSeq 6000,Sweden,Europe,68.3532 N 19.0477 E,68.3532,19.0477
SRR9023608,Peatlands,302,PRJNA539582,Illumina NovaSeq 6000,Sweden,Europe,68.3532 N 19.0477 E,68.3532,19.0477
SRR16963053,Peatlands,300,PRJNA610704,Illumina HiSeq 2500,Russia,Europe,59.949139 N 41.283167 E,59.949139,41.283167
SRR16963054,Peatlands,300,PRJNA610704,Illumina HiSeq 2500,Russia,Europe,59.949139 N 41.283167 E,59.949139,41.283167
SRR11846591,Peatlands,302,PRJNA617210,Illumina NovaSeq 6000,Sweden,Europe,68.3532 N 19.0477 E,68.3532,19.0477
SRR11846590,Peatlands,302,PRJNA617211,Illumina NovaSeq 6000,Sweden,Europe,68.3532 N 19.0477 E,68.3532,19.0477
SRR11846667,Peatlands,302,PRJNA618049,Illumina NovaSeq 6000,Sweden,Europe,68.3532 N 19.0477 E,68.3532,19.0477
SRR11846589,Peatlands,302,PRJNA618050,Illumina NovaSeq 6000,Sweden,Europe,68.3532 N 19.0477 E,68.3532,19.0477
SRR11846743,Peatlands,302,PRJNA618051,Illumina NovaSeq 6000,Sweden,Europe,68.3532 N 19.0477 E,68.3532,19.0477
SRR11846745,Peatlands,302,PRJNA618052,Illumina NovaSeq 6000,Sweden,Europe,68.3532 N 19.0477 E,68.3532,19.0477
SRR11846747,Peatlands,302,PRJNA618054,Illumina NovaSeq 6000,Sweden,Europe,68.3532 N 19.0477 E,68.3532,19.0477
SRR11846744,Peatlands,302,PRJNA618055,Illumina NovaSeq 6000,Sweden,Europe,68.3532 N 19.0477 E,68.3532,19.0477
SRR11846816,Peatlands,302,PRJNA618057,Illumina NovaSeq 6000,Sweden,Europe,68.3532 N 19.0477 E,68.3532,19.0477
SRR11846865,Peatlands,302,PRJNA618058,Illumina NovaSeq 6000,Sweden,Europe,68.3532 N 19.0477 E,68.3532,19.0477
SRR11847362,Peatlands,302,PRJNA618059,Illumina NovaSeq 6000,Sweden,Europe,68.3532 N 19.0477 E,68.3532,19.0477
SRR11847361,Peatlands,302,PRJNA618061,Illumina NovaSeq 6000,Sweden,Europe,68.3532 N 19.0477 E,68.3532,19.0477
SRR11847918,Peatlands,302,PRJNA618062,Illumina NovaSeq 6000,Sweden,Europe,68.3532 N 19.0477 E,68.3532,19.0477
SRR11847930,Peatlands,302,PRJNA618063,Illumina NovaSeq 6000,Sweden,Europe,68.3532 N 19.0477 E,68.3532,19.0477
SRR11847932,Peatlands,302,PRJNA618064,Illumina NovaSeq 6000,Sweden,Europe,68.3532 N 19.0477 E,68.3532,19.0477
SRR11847931,Peatlands,302,PRJNA618065,Illumina NovaSeq 6000,Sweden,Europe,68.3532 N 19.0477 E,68.3532,19.0477
SRR11595448,Peatlands,302,PRJNA618093,Illumina NovaSeq 6000,Sweden,Europe,68.3544 N 19.048 E,68.3544,19.048
SRR11595477,Peatlands,302,PRJNA618094,Illumina NovaSeq 6000,Sweden,Europe,68.3544 N 19.048 E,68.3544,19.048
SRR11595466,Peatlands,302,PRJNA618095,Illumina NovaSeq 6000,Sweden,Europe,68.3544 N 19.048 E,68.3544,19.048
SRR11596268,Peatlands,302,PRJNA618096,Illumina NovaSeq 6000,Sweden,Europe,68.3544 N 19.048 E,68.3544,19.048
SRR11596274,Peatlands,302,PRJNA618098,Illumina NovaSeq 6000,Sweden,Europe,68.3568 N 19.0503 E,68.3568,19.0503
SRR11596272,Peatlands,302,PRJNA618099,Illumina NovaSeq 6000,Sweden,Europe,68.3568 N 19.0503 E,68.3568,19.0503
SRR11596694,Peatlands,302,PRJNA618100,Illumina NovaSeq 6000,Sweden,Europe,68.3568 N 19.0503 E,68.3568,19.0503
SRR11596703,Peatlands,302,PRJNA618103,Illumina NovaSeq 6000,Sweden,Europe,68.3569 N 19.0501 E,68.3569,19.0501
SRR11596856,Peatlands,302,PRJNA618104,Illumina NovaSeq 6000,Sweden,Europe,68.3569 N 19.0501 E,68.3569,19.0501
SRR11607806,Peatlands,302,PRJNA618106,Illumina NovaSeq 6000,Sweden,Europe,68.3569 N 19.0502 E,68.3569,19.0502
SRR11597346,Peatlands,302,PRJNA618107,Illumina NovaSeq 6000,Sweden,Europe,68.3569 N 19.0502 E,68.3569,19.0502
SRR11599182,Peatlands,302,PRJNA618108,Illumina NovaSeq 6000,Sweden,Europe,68.3569 N 19.0502 E,68.3569,19.0502
SRR11600280,Peatlands,302,PRJNA618113,Illumina NovaSeq 6000,Sweden,Europe,68.3628 N 19.0528 E,68.3628,19.0528
SRR12354223,Peatlands,302,PRJNA618118,Illumina NovaSeq 6000,Sweden,Europe,68.3532 N 19.0466 E,68.3532,19.0466
SRR12354356,Peatlands,302,PRJNA618119,Illumina NovaSeq 6000,Sweden,Europe,68.3532 N 19.0466 E,68.3532,19.0466
SRR12354359,Peatlands,302,PRJNA618120,Illumina NovaSeq 6000,Sweden,Europe,68.3532 N 19.0466 E,68.3532,19.0466
SRR12354358,Peatlands,302,PRJNA618121,Illumina NovaSeq 6000,Sweden,Europe,68.3532 N 19.0466 E,68.3532,19.0466
SRR12354357,Peatlands,302,PRJNA618122,Illumina NovaSeq 6000,Sweden,Europe,68.3532 N 19.0466 E,68.3532,19.0466
SRR12362150,Peatlands,302,PRJNA618123,Illumina NovaSeq 6000,Sweden,Europe,68.3544 N 19.048 E,68.3544,19.048
SRR12362147,Peatlands,302,PRJNA618124,Illumina NovaSeq 6000,Sweden,Europe,68.3569 N 19.0502 E,68.3569,19.0502
SRR12362148,Peatlands,302,PRJNA618125,Illumina NovaSeq 6000,Sweden,Europe,68.3569 N 19.0502 E,68.3569,19.0502
SRR12362146,Peatlands,302,PRJNA618126,Illumina NovaSeq 6000,Sweden,Europe,68.3569 N 19.0502 E,68.3569,19.0502
SRR12362149,Peatlands,302,PRJNA618127,Illumina NovaSeq 6000,Sweden,Europe,68.3569 N 19.0502 E,68.3569,19.0502
SRR12362164,Peatlands,302,PRJNA618129,Illumina NovaSeq 6000,Sweden,Europe,68.3568 N 19.0503 E,68.3568,19.0503
SRR12362597,Peatlands,302,PRJNA618130,Illumina NovaSeq 6000,Sweden,Europe,68.3568 N 19.0503 E,68.3568,19.0503
SRR12362719,Peatlands,302,PRJNA618131,Illumina NovaSeq 6000,Sweden,Europe,68.3568 N 19.0503 E,68.3568,19.0503
SRR11570472,Peatlands,302,PRJNA618251,Illumina NovaSeq 6000,Sweden,Europe,68.3533 N 19.0475 E,68.3533,19.0475
SRR11574456,Peatlands,302,PRJNA618252,Illumina NovaSeq 6000,Sweden,Europe,68.3532 N 19.047 E,68.3532,19.047
SRR11575340,Peatlands,302,PRJNA618253,Illumina NovaSeq 6000,Sweden,Europe,68.3532 N 19.047 E,68.3532,19.047
SRR11575341,Peatlands,302,PRJNA618255,Illumina NovaSeq 6000,Sweden,Europe,68.3532 N 19.047 E,68.3532,19.047
SRR11575430,Peatlands,302,PRJNA618256,Illumina NovaSeq 6000,Sweden,Europe,68.3532 N 19.047 E,68.3532,19.047
SRR11575653,Peatlands,302,PRJNA618257,Illumina NovaSeq 6000,Sweden,Europe,68.3533 N 19.0467 E,68.3533,19.0467
SRR11575655,Peatlands,302,PRJNA618258,Illumina NovaSeq 6000,Sweden,Europe,68.3533 N 19.0467 E,68.3533,19.0467
SRR11575706,Peatlands,302,PRJNA618259,Illumina NovaSeq 6000,Sweden,Europe,68.3533 N 19.0467 E,68.3533,19.0467
SRR11576545,Peatlands,302,PRJNA618260,Illumina NovaSeq 6000,Sweden,Europe,68.3534 N 19.0467 E,68.3534,19.0467
SRR11576586,Peatlands,302,PRJNA618261,Illumina NovaSeq 6000,Sweden,Europe,68.3534 N 19.0467 E,68.3534,19.0467
SRR11576585,Peatlands,302,PRJNA618263,Illumina NovaSeq 6000,Sweden,Europe,68.3531 N 19.0474 E,68.3531,19.0474
SRR11576590,Peatlands,302,PRJNA618265,Illumina NovaSeq 6000,Sweden,Europe,68.3531 N 19.0474 E,68.3531,19.0474
SRR11576861,Peatlands,302,PRJNA618266,Illumina NovaSeq 6000,Sweden,Europe,68.3531 N 19.0474 E,68.3531,19.0474
SRR11576860,Peatlands,302,PRJNA618267,Illumina NovaSeq 6000,Sweden,Europe,68.3532 N 19.0475 E,68.3532,19.0475
SRR11576877,Peatlands,302,PRJNA618269,Illumina NovaSeq 6000,Sweden,Europe,68.3532 N 19.0475 E,68.3532,19.0475
SRR11577013,Peatlands,302,PRJNA618271,Illumina NovaSeq 6000,Sweden,Europe,68.3532 N 19.0475 E,68.3532,19.0475
SRR11576985,Peatlands,302,PRJNA618272,Illumina NovaSeq 6000,Sweden,Europe,68.3532 N 19.0475 E,68.3532,19.0475
SRR11577034,Peatlands,302,PRJNA618276,Illumina NovaSeq 6000,Sweden,Europe,68.3545 N 19.0465 E,68.3545,19.0465
SRR11577047,Peatlands,302,PRJNA618277,Illumina NovaSeq 6000,Sweden,Europe,68.3534 N 19.0473 E,68.3534,19.0473
SRR11577070,Peatlands,302,PRJNA618278,Illumina NovaSeq 6000,Sweden,Europe,68.3534 N 19.0473 E,68.3534,19.0473
SRR11577071,Peatlands,302,PRJNA618279,Illumina NovaSeq 6000,Sweden,Europe,68.3534 N 19.0473 E,68.3534,19.0473
SRR11577120,Peatlands,302,PRJNA618281,Illumina NovaSeq 6000,Sweden,Europe,68.3535 N 19.0473 E,68.3535,19.0473
SRR11577122,Peatlands,302,PRJNA618282,Illumina NovaSeq 6000,Sweden,Europe,68.3535 N 19.0473 E,68.3535,19.0473
SRR11577220,Peatlands,302,PRJNA618284,Illumina NovaSeq 6000,Sweden,Europe,68.3535 N 19.0473 E,68.3535,19.0473
SRR11577221,Peatlands,302,PRJNA618285,Illumina NovaSeq 6000,Sweden,Europe,68.3534 N 19.0473 E,68.3534,19.0473
SRR11577225,Peatlands,302,PRJNA618286,Illumina NovaSeq 6000,Sweden,Europe,68.3534 N 19.0473 E,68.3534,19.0473
SRR11577228,Peatlands,302,PRJNA618287,Illumina NovaSeq 6000,Sweden,Europe,68.3534 N 19.0473 E,68.3534,19.0473
SRR11577827,Peatlands,302,PRJNA618289,Illumina NovaSeq 6000,Sweden,Europe,68.3534 N 19.0472 E,68.3534,19.0472
SRR11577830,Peatlands,302,PRJNA618292,Illumina NovaSeq 6000,Sweden,Europe,68.3534 N 19.0473 E,68.3534,19.0473
SRR11578404,Peatlands,302,PRJNA618293,Illumina NovaSeq 6000,Sweden,Europe,68.3534 N 19.0473 E,68.3534,19.0473
SRR11578468,Peatlands,302,PRJNA618294,Illumina NovaSeq 6000,Sweden,Europe,68.3533 N 19.0475 E,68.3533,19.0475
SRR11578509,Peatlands,302,PRJNA618295,Illumina NovaSeq 6000,Sweden,Europe,68.3533 N 19.0475 E,68.3533,19.0475
SRR11578510,Peatlands,302,PRJNA618296,Illumina NovaSeq 6000,Sweden,Europe,68.3533 N 19.0475 E,68.3533,19.0475
SRR11578511,Peatlands,302,PRJNA618297,Illumina NovaSeq 6000,Sweden,Europe,68.3532 N 19.0475 E,68.3532,19.0475
SRR11578515,Peatlands,302,PRJNA618299,Illumina NovaSeq 6000,Sweden,Europe,68.3532 N 19.0474 E,68.3532,19.0474
SRR11578593,Peatlands,302,PRJNA618300,Illumina NovaSeq 6000,Sweden,Europe,68.3533 N 19.0466 E,68.3533,19.0466
SRR11578594,Peatlands,302,PRJNA618301,Illumina NovaSeq 6000,Sweden,Europe,68.3533 N 19.0466 E,68.3533,19.0466
SRR11578758,Peatlands,302,PRJNA618302,Illumina NovaSeq 6000,Sweden,Europe,68.3533 N 19.0466 E,68.3533,19.0466
SRR11578710,Peatlands,302,PRJNA618303,Illumina NovaSeq 6000,Sweden,Europe,68.3533 N 19.0465 E,68.3533,19.0465
SRR11578828,Peatlands,302,PRJNA618304,Illumina NovaSeq 6000,Sweden,Europe,68.3533 N 19.0465 E,68.3533,19.0465
SRR11578959,Peatlands,302,PRJNA618305,Illumina NovaSeq 6000,Sweden,Europe,68.3533 N 19.0465 E,68.3533,19.0465
SRR11578969,Peatlands,302,PRJNA618306,Illumina NovaSeq 6000,Sweden,Europe,68.3532 N 19.0467 E,68.3532,19.0467
SRR11578960,Peatlands,302,PRJNA618307,Illumina NovaSeq 6000,Sweden,Europe,68.3532 N 19.0467 E,68.3532,19.0467
SRR11579127,Peatlands,302,PRJNA618308,Illumina NovaSeq 6000,Sweden,Europe,68.3532 N 19.0467 E,68.3532,19.0467
SRR11579128,Peatlands,302,PRJNA618310,Illumina NovaSeq 6000,Sweden,Europe,68.3534 N 19.0473 E,68.3534,19.0473
SRR11579229,Peatlands,302,PRJNA618311,Illumina NovaSeq 6000,Sweden,Europe,68.3534 N 19.0473 E,68.3534,19.0473
SRR11579629,Peatlands,302,PRJNA618313,Illumina NovaSeq 6000,Sweden,Europe,68.3535 N 19.0473 E,68.3535,19.0473
SRR11579640,Peatlands,302,PRJNA618314,Illumina NovaSeq 6000,Sweden,Europe,68.3535 N 19.0473 E,68.3535,19.0473
SRR11580821,Peatlands,302,PRJNA618316,Illumina NovaSeq 6000,Sweden,Europe,68.3534 N 19.0472 E,68.3534,19.0472
SRR11580890,Peatlands,302,PRJNA618317,Illumina NovaSeq 6000,Sweden,Europe,68.3534 N 19.0472 E,68.3534,19.0472
SRR11581745,Peatlands,302,PRJNA618318,Illumina NovaSeq 6000,Sweden,Europe,68.3532 N 19.0475 E,68.3532,19.0475
SRR11580891,Peatlands,302,PRJNA618319,Illumina NovaSeq 6000,Sweden,Europe,68.3532 N 19.0475 E,68.3532,19.0475
SRR11581882,Peatlands,302,PRJNA618320,Illumina NovaSeq 6000,Sweden,Europe,68.3532 N 19.0475 E,68.3532,19.0475
SRR11593346,Peatlands,302,PRJNA618321,Illumina NovaSeq 6000,Sweden,Europe,68.3532 N 19.0475 E,68.3532,19.0475
SRR11593349,Peatlands,302,PRJNA618322,Illumina NovaSeq 6000,Sweden,Europe,68.3532 N 19.0475 E,68.3532,19.0475
SRR11593347,Peatlands,302,PRJNA618324,Illumina NovaSeq 6000,Sweden,Europe,68.3533 N 19.0475 E,68.3533,19.0475
SRR11826759,Peatlands,302,PRJNA618325,Illumina NovaSeq 6000,Sweden,Europe,68.3533 N 19.0475 E,68.3533,19.0475
SRR11593438,Peatlands,302,PRJNA618326,Illumina NovaSeq 6000,Sweden,Europe,68.3533 N 19.0475 E,68.3533,19.0475
SRR11593437,Peatlands,302,PRJNA618327,Illumina NovaSeq 6000,Sweden,Europe,68.3532 N 19.0467 E,68.3532,19.0467
SRR11593439,Peatlands,302,PRJNA618328,Illumina NovaSeq 6000,Sweden,Europe,68.3532 N 19.0467 E,68.3532,19.0467
SRR11593519,Peatlands,302,PRJNA618329,Illumina NovaSeq 6000,Sweden,Europe,68.3532 N 19.0467 E,68.3532,19.0467
SRR11593521,Peatlands,302,PRJNA618330,Illumina NovaSeq 6000,Sweden,Europe,68.3533 N 19.0466 E,68.3533,19.0466
SRR11593522,Peatlands,302,PRJNA618331,Illumina NovaSeq 6000,Sweden,Europe,68.3533 N 19.0467 E,68.3533,19.0467
SRR11594158,Peatlands,302,PRJNA618332,Illumina NovaSeq 6000,Sweden,Europe,68.3533 N 19.0467 E,68.3533,19.0467
SRR11594180,Peatlands,302,PRJNA618333,Illumina NovaSeq 6000,Sweden,Europe,68.3533 N 19.0467 E,68.3533,19.0467
SRR11594358,Peatlands,302,PRJNA618334,Illumina NovaSeq 6000,Sweden,Europe,68.3533 N 19.0467 E,68.3533,19.0467
SRR11594338,Peatlands,302,PRJNA618650,Illumina NovaSeq 6000,Sweden,Europe,68.3544 N 19.048 E,68.3544,19.048
SRR11594395,Peatlands,302,PRJNA618651,Illumina NovaSeq 6000,Sweden,Europe,68.3544 N 19.048 E,68.3544,19.048
SRR11594479,Peatlands,302,PRJNA618652,Illumina NovaSeq 6000,Sweden,Europe,68.3544 N 19.048 E,68.3544,19.048
SRR11595121,Peatlands,302,PRJNA618653,Illumina NovaSeq 6000,Sweden,Europe,68.3544 N 19.048 E,68.3544,19.048
SRR12666049,Peatlands,302,PRJNA653775,Illumina NovaSeq 6000,Sweden,Europe,68.3532 N 19.0477 E,68.3532,19.0477
SRR12603941,Peatlands,302,PRJNA653820,Illumina NovaSeq 6000,Sweden,Europe,68.3532 N 19.0477 E,68.3532,19.0477
SRR12603939,Peatlands,302,PRJNA653821,Illumina NovaSeq 6000,Sweden,Europe,68.3532 N 19.0477 E,68.3532,19.0477
SRR12603940,Peatlands,302,PRJNA654071,Illumina NovaSeq 6000,Sweden,Europe,68.3532 N 19.0477 E,68.3532,19.0477
SRR12666237,Peatlands,302,PRJNA654072,Illumina NovaSeq 6000,Sweden,Europe,68.3532 N 19.0477 E,68.3532,19.0477
SRR12666278,Peatlands,302,PRJNA654074,Illumina NovaSeq 6000,Sweden,Europe,68.3532 N 19.0477 E,68.3532,19.0477
SRR12613915,Peatlands,302,PRJNA654175,Illumina NovaSeq 6000,Sweden,Europe,68.3533 N 19.0466 E,68.3533,19.0466
SRR12613918,Peatlands,302,PRJNA654176,Illumina NovaSeq 6000,Sweden,Europe,68.3533 N 19.0466 E,68.3533,19.0466
SRR12613920,Peatlands,302,PRJNA654177,Illumina NovaSeq 6000,Sweden,Europe,68.3533 N 19.0466 E,68.3533,19.0466
SRR12613919,Peatlands,302,PRJNA654178,Illumina NovaSeq 6000,Sweden,Europe,68.3544 N 19.048 E,68.3544,19.048
SRR12613917,Peatlands,302,PRJNA654179,Illumina NovaSeq 6000,Sweden,Europe,68.3569 N 19.0502 E,68.3569,19.0502
SRR12689503,Peatlands,302,PRJNA654182,Illumina NovaSeq 6000,Sweden,Europe,68.3532 N 19.0466 E,68.3532,19.0466
SRR12689505,Peatlands,302,PRJNA654183,Illumina NovaSeq 6000,Sweden,Europe,68.3532 N 19.0466 E,68.3532,19.0466
SRR12689504,Peatlands,302,PRJNA654184,Illumina NovaSeq 6000,Sweden,Europe,68.3532 N 19.0466 E,68.3532,19.0466
SRR13557791,Peatlands,301,PRJNA695060,NextSeq 500,Sweden,Europe,68.353288 N 19.047562 E,68.353288,19.047562
SRR13557792,Peatlands,301,PRJNA695060,NextSeq 500,Sweden,Europe,68.353320 N 19.046772 E,68.35332,19.046772
SRR13557795,Peatlands,299,PRJNA695060,NextSeq 500,Sweden,Europe,68.353288 N 19.047562 E,68.353288,19.047562
SRR13557794,Peatlands,299,PRJNA695060,NextSeq 500,Sweden,Europe,68.353320 N 19.046772 E,68.35332,19.046772
SRR13557793,Peatlands,299,PRJNA695060,NextSeq 500,Sweden,Europe,68.353288 N 19.047562 E,68.353288,19.047562
SRR13557796,Peatlands,299,PRJNA695060,NextSeq 500,Sweden,Europe,68.353320 N 19.046772 E,68.35332,19.046772
SRR18649381,Peatlands,302,PRJNA820803,Illumina NovaSeq 6000,Sweden,Europe,64.183 N 19.5578 E,64.183,19.5578
SRR18649380,Peatlands,302,PRJNA820804,Illumina NovaSeq 6000,Sweden,Europe,64.183 N 19.5578 E,64.183,19.5578
SRR18649283,Peatlands,302,PRJNA820805,Illumina NovaSeq 6000,Sweden,Europe,64.183 N 19.5578 E,64.183,19.5578
SRR18649382,Peatlands,302,PRJNA820806,Illumina NovaSeq 6000,Sweden,Europe,64.183 N 19.5578 E,64.183,19.5578
SRR18679925,Peatlands,302,PRJNA820807,Illumina NovaSeq 6000,Sweden,Europe,64.183 N 19.5578 E,64.183,19.5578
SRR18679922,Peatlands,302,PRJNA820808,Illumina NovaSeq 6000,Sweden,Europe,64.183 N 19.5578 E,64.183,19.5578
SRR18686495,Peatlands,302,PRJNA820823,Illumina NovaSeq 6000,Sweden,Europe,64.183 N 19.5578 E,64.183,19.5578
SRR5471032,Permafrost regions,302,PRJNA365101,Illumina HiSeq 2500,USA,North America,68.6137 N 149.3144 W,68.6137,-149.3144
SRR5471031,Permafrost regions,302,PRJNA365102,Illumina HiSeq 2500,USA,North America,68.6137 N 149.3144 W,68.6137,-149.3144
SRR5471030,Permafrost regions,302,PRJNA365103,Illumina HiSeq 2500,USA,North America,68.6137 N 149.3144 W,68.6137,-149.3144
SRR5471221,Permafrost regions,302,PRJNA365104,Illumina HiSeq 2500,USA,North America,68.6137 N 149.3144 W,68.6137,-149.3144
SRR5476649,Permafrost regions,302,PRJNA365105,Illumina HiSeq 2500,USA,North America,68.6137 N 149.3144 W,68.6137,-149.3144
SRR5476651,Permafrost regions,302,PRJNA365106,Illumina HiSeq 2500,USA,North America,68.6137 N 149.3144 W,68.6137,-149.3144
SRR5450431,Permafrost regions,302,PRJNA365644,Illumina HiSeq 2500,USA,North America,68.6139 N 149.3145 W,68.6139,-149.3145
SRR5450434,Permafrost regions,302,PRJNA365646,Illumina HiSeq 2500,USA,North America,68.6137 N 149.3144 W,68.6137,-149.3144
SRR5450438,Permafrost regions,302,PRJNA365647,Illumina HiSeq 2500,USA,North America,68.6137 N 149.3144 W,68.6137,-149.3144
SRR5450631,Permafrost regions,302,PRJNA367091,Illumina HiSeq 2500,USA,North America,68.6135 N 149.3144 W,68.6135,-149.3144
SRR5450755,Permafrost regions,302,PRJNA367092,Illumina HiSeq 2500,USA,North America,68.6135 N 149.3144 W,68.6135,-149.3144
SRR5450747,Permafrost regions,302,PRJNA367093,Illumina HiSeq 2500,USA,North America,68.6137 N 149.3144 W,68.6137,-149.3144
SRR5450759,Permafrost regions,302,PRJNA367094,Illumina HiSeq 2500,USA,North America,68.6139 N 149.3145 W,68.6139,-149.3145
SRR5450757,Permafrost regions,302,PRJNA367095,Illumina HiSeq 2500,USA,North America,68.6137 N 149.3144 W,68.6137,-149.3144
SRR5450758,Permafrost regions,302,PRJNA367096,Illumina HiSeq 2500,USA,North America,68.6137 N 149.3144 W,68.6137,-149.3144
SRR5450756,Permafrost regions,302,PRJNA367097,Illumina HiSeq 2500,USA,North America,68.6135 N 149.3144 W,68.6135,-149.3144
SRR5664280,Permafrost regions,302,PRJNA375630,Illumina HiSeq 2500,USA,North America,71.299 N 156.61 W,71.299,-156.61
SRR5664279,Permafrost regions,302,PRJNA375631,Illumina HiSeq 2500,USA,North America,71.299 N 156.61 W,71.299,-156.61
SRR5665254,Permafrost regions,302,PRJNA375633,Illumina HiSeq 2500,USA,North America,71.299 N 156.61 W,71.299,-156.61
SRR5665648,Permafrost regions,302,PRJNA375635,Illumina HiSeq 2500,USA,North America,71.299 N 156.61 W,71.299,-156.61
SRR5665809,Permafrost regions,302,PRJNA375636,Illumina HiSeq 2500,USA,North America,71.299 N 156.61 W,71.299,-156.61
SRR5665811,Permafrost regions,302,PRJNA375637,Illumina HiSeq 2500,USA,North America,71.299 N 156.61 W,71.299,-156.61
SRR5680860,Permafrost regions,302,PRJNA375640,Illumina HiSeq 2500,USA,North America,71.299 N 156.61 W,71.299,-156.61
SRR11551193,Permafrost regions,310,PRJNA625573,NextSeq 500,Greenland,North America,67.08 N 50.34 W,67.08,-50.34
SRR4242550,Permafrost regions,500,PRJNA343018,Illumina HiSeq 2000,Russia,Europe,72.3741 N 78.6116 E,72.3741,78.6116
SRR5493777,Permafrost regions,302,PRJNA375376,Illumina HiSeq 2500,Sweden,Europe,68.3533 N 19.0466 E,68.3533,19.0466
SRR5493776,Permafrost regions,302,PRJNA375377,Illumina HiSeq 2500,Sweden,Europe,68.3534 N 19.0473 E,68.3534,19.0473
SRR5493778,Permafrost regions,302,PRJNA375378,Illumina HiSeq 2500,Sweden,Europe,68.3532 N 19.0475 E,68.3532,19.0475
SRR5493710,Permafrost regions,302,PRJNA375506,Illumina HiSeq 2500,Sweden,Europe,68.3534 N 19.0472 E,68.3534,19.0472
SRR5493781,Permafrost regions,302,PRJNA375508,Illumina HiSeq 2500,Sweden,Europe,68.3533 N 19.0475 E,68.3533,19.0475
SRR6490521,Permafrost regions,302,PRJNA406790,Illumina HiSeq 2500,Sweden,Europe,68.3500 N 19.0500 E,68.35,19.05
SRR6490522,Permafrost regions,302,PRJNA406791,Illumina HiSeq 2500,Sweden,Europe,68.3500 N 19.0500 E,68.35,19.05
SRR6490520,Permafrost regions,302,PRJNA406792,Illumina HiSeq 2500,Sweden,Europe,68.3500 N 19.0500 E,68.35,19.05
SRR6490523,Permafrost regions,302,PRJNA406793,Illumina HiSeq 2500,Sweden,Europe,68.3500 N 19.0500 E,68.35,19.05
SRR6491179,Permafrost regions,302,PRJNA406794,Illumina HiSeq 2500,Sweden,Europe,68.3500 N 19.0500 E,68.35,19.05
SRR6505096,Permafrost regions,302,PRJNA406795,Illumina HiSeq 2500,Sweden,Europe,68.3500 N 19.0500 E,68.35,19.05
SRR6505091,Permafrost regions,302,PRJNA406796,Illumina HiSeq 2500,Sweden,Europe,68.3500 N 19.0500 E,68.35,19.05
SRR6505097,Permafrost regions,302,PRJNA406797,Illumina HiSeq 2500,Sweden,Europe,68.3500 N 19.0500 E,68.35,19.05
SRR6505094,Permafrost regions,302,PRJNA406798,Illumina HiSeq 2500,Sweden,Europe,68.3500 N 19.0500 E,68.35,19.05
SRR6505095,Permafrost regions,302,PRJNA406799,Illumina HiSeq 2500,Sweden,Europe,68.3500 N 19.0500 E,68.35,19.05
SRR4242551,Permafrost regions,500,PRJNA343018,Illumina HiSeq 2000,Russia,Europe,68.7166 N 158.9000 E,68.7166,158.9
SRR10489813,Permafrost regions,302,PRJNA588342,Illumina HiSeq 4000,Russia,Europe,68.612500 N 161.350000 E,68.6125,161.35
SRR10489812,Permafrost regions,302,PRJNA588342,Illumina HiSeq 4000,Russia,Europe,68.612500 N 161.350000 E,68.6125,161.35
SRR10489820,Permafrost regions,302,PRJNA588342,Illumina HiSeq 4000,Russia,Europe,68.612500 N 161.350000 E,68.6125,161.35
SRR10489814,Permafrost regions,302,PRJNA588342,Illumina HiSeq 4000,Russia,Europe,68.612500 N 161.350000 E,68.6125,161.35
SRR10489817,Permafrost regions,302,PRJNA588342,Illumina HiSeq 4000,Russia,Europe,68.612500 N 161.350000 E,68.6125,161.35
SRR10489816,Permafrost regions,302,PRJNA588342,Illumina HiSeq 4000,Russia,Europe,68.612500 N 161.350000 E,68.6125,161.35
SRR10489824,Permafrost regions,302,PRJNA588342,Illumina HiSeq 4000,Russia,Europe,68.612500 N 161.350000 E,68.6125,161.35
SRR10489811,Permafrost regions,302,PRJNA588342,Illumina HiSeq 4000,Russia,Europe,68.612500 N 161.350000 E,68.6125,161.35
SRR10489819,Permafrost regions,302,PRJNA588342,Illumina HiSeq 4000,Russia,Europe,68.612500 N 161.350000 E,68.6125,161.35
SRR10489815,Permafrost regions,302,PRJNA588342,Illumina HiSeq 4000,Russia,Europe,68.612500 N 161.350000 E,68.6125,161.35
SRR10489821,Permafrost regions,302,PRJNA588342,Illumina HiSeq 4000,Russia,Europe,68.612500 N 161.350000 E,68.6125,161.35
SRR13451248,Permafrost regions,302,PRJNA588342,Illumina HiSeq 4000,Russia,Europe,68.612500 N 161.350000 E,68.6125,161.35
SRR10489829,Permafrost regions,302,PRJNA588342,Illumina HiSeq 4000,Russia,Europe,68.612500 N 161.350000 E,68.6125,161.35
SRR10489827,Permafrost regions,302,PRJNA588342,Illumina HiSeq 4000,Russia,Europe,68.612500 N 161.350000 E,68.6125,161.35
SRR10489833,Permafrost regions,302,PRJNA588342,Illumina HiSeq 4000,Russia,Europe,68.612500 N 161.350000 E,68.6125,161.35
SRR10489822,Permafrost regions,302,PRJNA588342,Illumina HiSeq 4000,Russia,Europe,68.612500 N 161.350000 E,68.6125,161.35
SRR10489830,Permafrost regions,302,PRJNA588342,Illumina HiSeq 4000,Russia,Europe,68.612500 N 161.350000 E,68.6125,161.35
SRR10489825,Permafrost regions,302,PRJNA588342,Illumina HiSeq 4000,Russia,Europe,68.612500 N 161.350000 E,68.6125,161.35
SRR10489826,Permafrost regions,302,PRJNA588342,Illumina HiSeq 4000,Russia,Europe,68.612500 N 161.350000 E,68.6125,161.35
SRR10489823,Permafrost regions,302,PRJNA588342,Illumina HiSeq 4000,Russia,Europe,68.612500 N 161.350000 E,68.6125,161.35
SRR10489831,Permafrost regions,302,PRJNA588342,Illumina HiSeq 4000,Russia,Europe,68.612500 N 161.350000 E,68.6125,161.35
SRR10489818,Permafrost regions,302,PRJNA588342,Illumina HiSeq 4000,Russia,Europe,68.612500 N 161.350000 E,68.6125,161.35
SRR10489832,Permafrost regions,302,PRJNA588342,Illumina HiSeq 4000,Russia,Europe,68.612500 N 161.350000 E,68.6125,161.35
SRR10489839,Permafrost regions,302,PRJNA588342,Illumina HiSeq 4000,Russia,Europe,68.612500 N 161.350000 E,68.6125,161.35
SRR10489838,Permafrost regions,302,PRJNA588342,Illumina HiSeq 4000,Russia,Europe,68.612500 N 161.350000 E,68.6125,161.35
SRR10489837,Permafrost regions,302,PRJNA588342,Illumina HiSeq 4000,Russia,Europe,68.612500 N 161.350000 E,68.6125,161.35
SRR10489836,Permafrost regions,302,PRJNA588342,Illumina HiSeq 4000,Russia,Europe,68.612500 N 161.350000 E,68.6125,161.35
SRR10489834,Permafrost regions,302,PRJNA588342,Illumina HiSeq 4000,Russia,Europe,68.612500 N 161.350000 E,68.6125,161.35
SRR10489835,Permafrost regions,302,PRJNA588342,Illumina HiSeq 4000,Russia,Europe,68.612500 N 161.350000 E,68.6125,161.35
SRR10489828,Permafrost regions,302,PRJNA588342,Illumina HiSeq 4000,Russia,Europe,68.612500 N 161.350000 E,68.6125,161.35
SRR13615825,Permafrost regions,327,PRJNA596250,Illumina MiSeq,Russia,Europe,69.20 N 154.59 E,69.2,154.59
SRR13615823,Permafrost regions,539,PRJNA596250,Illumina MiSeq,Russia,Europe,69.20 N 154.59 E,69.2,154.59
SRR13615826,Permafrost regions,441,PRJNA596250,Illumina MiSeq,Russia,Europe,69.20 N 154.59 E,69.2,154.59
SRR13615824,Permafrost regions,377,PRJNA596250,Illumina MiSeq,Russia,Europe,69.20 N 154.59 E,69.2,154.59
SRR10907115,Permafrost regions,302,PRJNA601698,Illumina NovaSeq 6000,Russia,Asia,69.340633 N 154.995217 E,69.340633,154.995217
SRR10907113,Permafrost regions,302,PRJNA601698,Illumina NovaSeq 6000,Russia,Asia,70.04903 N 159.52282 E,70.04903,159.52282
SRR10907121,Permafrost regions,302,PRJNA601698,Illumina NovaSeq 6000,Russia,Asia,69.340633 N 154.995217 E,69.340633,154.995217
SRR10907118,Permafrost regions,302,PRJNA601698,Illumina NovaSeq 6000,Russia,Asia,69.340633 N 154.995217 E,69.340633,154.995217
SRR10907116,Permafrost regions,302,PRJNA601698,Illumina NovaSeq 6000,Russia,Asia,69.340633 N 154.995217 E,69.340633,154.995217
SRR10907114,Permafrost regions,302,PRJNA601698,Illumina NovaSeq 6000,Russia,Asia,69.340633 N 154.995217 E,69.340633,154.995217
SRR13106737,Permafrost regions,360,PRJNA680161,Illumina HiSeq 2500,Russia,Europe,70.05 N 159.55 E,70.05,159.55
SRR13106729,Permafrost regions,360,PRJNA680161,Illumina HiSeq 2500,Russia,Europe,70.05 N 159.55 E,70.05,159.55
SRR13106738,Permafrost regions,360,PRJNA680161,Illumina HiSeq 2500,Russia,Europe,70.05 N 159.55 E,70.05,159.55
SRR13106730,Permafrost regions,360,PRJNA680161,Illumina HiSeq 2500,Russia,Europe,70.05 N 159.55 E,70.05,159.55
SRR13106734,Permafrost regions,360,PRJNA680161,Illumina HiSeq 2500,Russia,Europe,70.05 N 159.55 E,70.05,159.55
SRR14373431,Permafrost regions,302,PRJNA680161,Illumina NovaSeq 6000,Russia,Europe,70.05 N 159.55 E,70.05,159.55
SRR14373433,Permafrost regions,302,PRJNA680161,Illumina NovaSeq 6000,Russia,Europe,70.05 N 159.55 E,70.05,159.55
SRR14373432,Permafrost regions,302,PRJNA680161,Illumina NovaSeq 6000,Russia,Europe,70.05 N 159.55 E,70.05,159.55
SRR19116070,Permafrost regions,302,PRJNA821074,Illumina HiSeq 2500,Russia,Europe,71.742951 N 129.337673 E,71.742951,129.337673
SRR19116074,Permafrost regions,302,PRJNA821074,Illumina HiSeq 2500,Russia,Europe,71.742951 N 129.337673 E,71.742951,129.337673
SRR19116065,Permafrost regions,302,PRJNA821074,Illumina HiSeq 2500,Russia,Europe,71.742951 N 129.337673 E,71.742951,129.337673
SRR19116067,Permafrost regions,302,PRJNA821074,Illumina HiSeq 2500,Russia,Europe,71.742951 N 129.337673 E,71.742951,129.337673
SRR10127268,Wetlands,302,PRJNA465696,Illumina HiSeq 2500,Mexico,North America,21.053 N 103.902 W,21.053,-103.902
SRR9691033,Wetlands,300,PRJNA554750,Illumina NovaSeq 6000,China,Asia,29.19 N 90.59 E,29.19,90.59
SRR9691040,Wetlands,300,PRJNA554750,Illumina NovaSeq 6000,China,Asia,29.67 N 91.1 E,29.67,91.1
SRR10156758,Wetlands,301,PRJNA573108,NextSeq 500,Uganda,Africa,1.07 S 29.75 E,-1.07,29.75
SRR10156756,Wetlands,301,PRJNA573108,NextSeq 500,Uganda,Africa,1.07 S 29.75 E,-1.07,29.75
SRR10156724,Wetlands,301,PRJNA573108,NextSeq 500,Uganda,Africa,1.07 S 29.75 E,-1.07,29.75
SRR10156707,Wetlands,301,PRJNA573108,NextSeq 500,Uganda,Africa,1.07 S 29.75 E,-1.07,29.75
SRR10156757,Wetlands,301,PRJNA573108,NextSeq 500,Uganda,Africa,1.07 S 29.75 E,-1.07,29.75
SRR10156746,Wetlands,301,PRJNA573108,NextSeq 500,Uganda,Africa,1.07 S 29.75 E,-1.07,29.75
SRR10156751,Wetlands,301,PRJNA573108,NextSeq 500,Uganda,Africa,1.07 S 29.75 E,-1.07,29.75
SRR10156708,Wetlands,301,PRJNA573108,NextSeq 500,Uganda,Africa,1.07 S 29.75 E,-1.07,29.75
SRR10156750,Wetlands,301,PRJNA573108,NextSeq 500,Uganda,Africa,1.07 S 29.75 E,-1.07,29.75
SRR10156752,Wetlands,301,PRJNA573108,NextSeq 500,Uganda,Africa,1.07 S 29.75 E,-1.07,29.75
SRR10156753,Wetlands,301,PRJNA573108,NextSeq 500,Uganda,Africa,1.07 S 29.75 E,-1.07,29.75
SRR12444882,Wetlands,301,PRJNA626576,Illumina HiSeq 3000,China,Asia,29.22 N 86.31 E,29.22,86.31
SRR20218960,Wetlands,322,PRJNA858966,Illumina NovaSeq 6000,India,Asia,21.83045000 N 88.62429167 E,21.83045,88.62429167
SRR20218962,Wetlands,322,PRJNA858966,Illumina NovaSeq 6000,India,Asia,21.70555278 N 88.31165556 E,21.70555278,88.31165556
SRR20218963,Wetlands,322,PRJNA858966,Illumina NovaSeq 6000,India,Asia,21.70555278 N 88.31165556 E,21.70555278,88.31165556
SRR20218964,Wetlands,322,PRJNA858966,Illumina NovaSeq 6000,India,Asia,21.70853333 N 88.30101667 E,21.70853333,88.30101667
SRR20218965,Wetlands,322,PRJNA858966,Illumina NovaSeq 6000,India,Asia,21.70853333 N 88.30101667 E,21.70853333,88.30101667
SRR20218966,Wetlands,322,PRJNA858966,Illumina NovaSeq 6000,India,Asia,21.83045000 N 88.62429167 E,21.83045,88.62429167
SRR20218967,Wetlands,322,PRJNA858966,Illumina NovaSeq 6000,India,Asia,21.70853333 N 88.30101667 E,21.70853333,88.30101667
SRR20218968,Wetlands,322,PRJNA858966,Illumina NovaSeq 6000,India,Asia,21.69077500 N 88.56834722 E,21.690775,88.56834722
SRR20218969,Wetlands,322,PRJNA858966,Illumina NovaSeq 6000,India,Asia,21.69077500 N 88.56834722 E,21.690775,88.56834722
SRR20218970,Wetlands,322,PRJNA858966,Illumina NovaSeq 6000,India,Asia,21.69077500 N 88.56834722 E,21.690775,88.56834722
SRR20218971,Wetlands,322,PRJNA858966,Illumina NovaSeq 6000,India,Asia,22.16478056 N 88.78527500 E,22.16478056,88.785275
SRR20218972,Wetlands,322,PRJNA858966,Illumina NovaSeq 6000,India,Asia,21.83045000 N 88.62429167 E,21.83045,88.62429167
SRR7188250,Wetlands,300,PRJNA472209,Illumina HiSeq 4000,China,Asia,21.41 N 109.16 E,21.41,109.16
SRR7188251,Wetlands,300,PRJNA472209,Illumina HiSeq 4000,China,Asia,21.41 N 109.16 E,21.41,109.16
SRR7188252,Wetlands,300,PRJNA472209,Illumina HiSeq 4000,China,Asia,21.41 N 109.16 E,21.41,109.16
SRR7188253,Wetlands,300,PRJNA472209,Illumina HiSeq 4000,China,Asia,21.41 N 109.16 E,21.41,109.16
SRR7188254,Wetlands,300,PRJNA472209,Illumina HiSeq 4000,China,Asia,21.41 N 109.16 E,21.41,109.16
SRR7188255,Wetlands,300,PRJNA472209,Illumina HiSeq 4000,China,Asia,21.41 N 109.17 E,21.41,109.17
SRR7188256,Wetlands,300,PRJNA472209,Illumina HiSeq 4000,China,Asia,21.41 N 109.17 E,21.41,109.17
SRR9691025,Wetlands,300,PRJNA554750,Illumina NovaSeq 6000,China,Asia,26.86 N 104.25 E,26.86,104.25
SRR9691028,Wetlands,300,PRJNA554750,Illumina NovaSeq 6000,China,Asia,24.88 N 102.66 E,24.88,102.66
SRR9691018,Wetlands,300,PRJNA554750,Illumina NovaSeq 6000,China,Asia,20.93 N 110.16 E,20.93,110.16
SRR9691019,Wetlands,300,PRJNA554750,Illumina NovaSeq 6000,China,Asia,22.44 N 113.63 E,22.44,113.63
SRR9691021,Wetlands,300,PRJNA554750,Illumina NovaSeq 6000,China,Asia,30.04 N 104.03 E,30.04,104.03
SRR9691023,Wetlands,300,PRJNA554750,Illumina NovaSeq 6000,China,Asia,29.91 N 107.24 E,29.91,107.24
SRR9691024,Wetlands,300,PRJNA554750,Illumina NovaSeq 6000,China,Asia,30 N 106.96 E,30,106.96
SRR9691026,Wetlands,300,PRJNA554750,Illumina NovaSeq 6000,China,Asia,29.44 N 116.02 E,29.44,116.02
SRR9691027,Wetlands,300,PRJNA554750,Illumina NovaSeq 6000,China,Asia,23.93 N 117.41 E,23.93,117.41
SRR9691029,Wetlands,300,PRJNA554750,Illumina NovaSeq 6000,China,Asia,19.95 N 110.58 E,19.95,110.58
SRR9691032,Wetlands,300,PRJNA554750,Illumina NovaSeq 6000,China,Asia,27.7 N 100.86 E,27.7,100.86
SRR9691034,Wetlands,300,PRJNA554750,Illumina NovaSeq 6000,China,Asia,29.4 N 100.1 E,29.4,100.1
SRR10260005,Wetlands,300,PRJNA576996,Illumina NovaSeq 6000,China,Asia,30.07556 N 114.86278 E,30.07556,114.86278
SRR11241201,Wetlands,300,PRJNA587831,Illumina HiSeq 2000,China,Asia,22.5288 N 114.0300 E,22.5288,114.03
SRR11241203,Wetlands,300,PRJNA587831,Illumina HiSeq 2000,China,Asia,22.5288 N 114.0300 E,22.5288,114.03
SRR11241202,Wetlands,300,PRJNA587831,Illumina HiSeq 2000,China,Asia,22.5288 N 114.0300 E,22.5288,114.03
SRR11241200,Wetlands,300,PRJNA587831,Illumina HiSeq 2000,China,Asia,22.5288 N 114.0300 E,22.5288,114.03
SRR11534415,Wetlands,302,PRJNA625046,Illumina HiSeq 2000,China,Asia,22.5237 N 114.0141 E,22.5237,114.0141
SRR11534414,Wetlands,302,PRJNA625046,Illumina HiSeq 2000,China,Asia,22.5232 N 114.0128 E,22.5232,114.0128
SRR11534417,Wetlands,302,PRJNA625046,Illumina HiSeq 2000,China,Asia,22.5237 N 114.0131 E,22.5237,114.0131
SRR11534412,Wetlands,302,PRJNA625046,Illumina HiSeq 2000,China,Asia,22.5232 N 114.0134 E,22.5232,114.0134
SRR11534413,Wetlands,302,PRJNA625046,Illumina HiSeq 2000,China,Asia,22.5232 N 114.0131 E,22.5232,114.0131
SRR11534416,Wetlands,302,PRJNA625046,Illumina HiSeq 2000,China,Asia,22.5237 N 114.0136 E,22.5237,114.0136
SRR11793863,Wetlands,300,PRJNA629047,Illumina HiSeq 2500,China,Asia,21.153 N 110.43879722 E,21.153,110.4387972
SRR11793864,Wetlands,300,PRJNA629047,Illumina HiSeq 2500,China,Asia,21.17416666 N 110.44583333 E,21.17416666,110.4458333
SRR14699985,Wetlands,300,PRJNA680430,Illumina HiSeq 2000,China,Asia,22.530000 N 114.000000 E,22.53,114
SRR14699986,Wetlands,300,PRJNA680430,Illumina HiSeq 2000,China,Asia,22.530000 N 114.000000 E,22.53,114
SRR14699984,Wetlands,300,PRJNA680430,Illumina HiSeq 2000,China,Asia,22.530000 N 114.000000 E,22.53,114
SRR14699987,Wetlands,300,PRJNA680430,Illumina HiSeq 2000,China,Asia,22.530000 N 114.000000 E,22.53,114
SRR13206473,Wetlands,302,PRJNA682931,Illumina HiSeq 2000,China,Asia,22.5237 N 114.0131 E,22.5237,114.0131
SRR13206469,Wetlands,302,PRJNA682931,Illumina HiSeq 2000,China,Asia,22.5237 N 114.0131 E,22.5237,114.0131
SRR13206475,Wetlands,302,PRJNA682931,Illumina HiSeq 2000,China,Asia,22.5237 N 114.0131 E,22.5237,114.0131
SRR13206478,Wetlands,302,PRJNA682931,Illumina HiSeq 2000,China,Asia,22.5237 N 114.0131 E,22.5237,114.0131
SRR13206474,Wetlands,302,PRJNA682931,Illumina HiSeq 2000,China,Asia,22.5237 N 114.0131 E,22.5237,114.0131
SRR13206470,Wetlands,302,PRJNA682931,Illumina HiSeq 2000,China,Asia,22.5237 N 114.0131 E,22.5237,114.0131
SRR13206479,Wetlands,302,PRJNA682931,Illumina HiSeq 2000,China,Asia,22.5237 N 114.0131 E,22.5237,114.0131
SRR13206471,Wetlands,302,PRJNA682931,Illumina HiSeq 2000,China,Asia,22.5237 N 114.0131 E,22.5237,114.0131
SRR13343982,Wetlands,300,PRJNA689293,Illumina HiSeq 2500,China,Asia,22.3142 N 114.012 E,22.3142,114.012
SRR13343983,Wetlands,300,PRJNA689293,Illumina HiSeq 2500,China,Asia,22.3142 N 114.014 E,22.3142,114.014
SRR13343984,Wetlands,300,PRJNA689293,Illumina HiSeq 2500,China,Asia,19.58 N 110.34 E,19.58,110.34
SRR13343985,Wetlands,300,PRJNA689293,Illumina HiSeq 2500,China,Asia,19.58 N 110.33 E,19.58,110.33
SRR13343992,Wetlands,300,PRJNA689293,Illumina HiSeq 2500,China,Asia,21.911 N 110.2619 E,21.911,110.2619
SRR13343993,Wetlands,300,PRJNA689293,Illumina HiSeq 2500,China,Asia,21.911 N 110.2618 E,21.911,110.2618
SRR13600617,Wetlands,300,PRJNA698080,Illumina HiSeq 2500,China,Asia,22.4375 N 113.6371 E,22.4375,113.6371
SRR13600618,Wetlands,300,PRJNA698080,Illumina HiSeq 2500,China,Asia,22.4375 N 113.6370 E,22.4375,113.637
SRR13600619,Wetlands,300,PRJNA698080,Illumina HiSeq 2500,China,Asia,22.4375 N 113.6369 E,22.4375,113.6369
SRR15614352,Wetlands,302,PRJNA757625,Illumina NovaSeq 6000,China,Asia,22.5286 N 114.0028 E,22.5286,114.0028
SRR15614354,Wetlands,302,PRJNA757625,Illumina NovaSeq 6000,China,Asia,22.5286 N 114.0028 E,22.5286,114.0028
SRR15614346,Wetlands,302,PRJNA757625,Illumina NovaSeq 6000,China,Asia,22.5286 N 114.0028 E,22.5286,114.0028
SRR15614344,Wetlands,302,PRJNA757625,Illumina NovaSeq 6000,China,Asia,22.5286 N 114.0028 E,22.5286,114.0028
SRR15614349,Wetlands,302,PRJNA757625,Illumina NovaSeq 6000,China,Asia,22.5286 N 114.0028 E,22.5286,114.0028
SRR15614341,Wetlands,302,PRJNA757625,Illumina NovaSeq 6000,China,Asia,22.5286 N 114.0028 E,22.5286,114.0028
SRR15836109,Wetlands,302,PRJNA762108,Illumina NovaSeq 6000,China,Asia,22.39 N 113.31 E,22.39,113.31
SRR15836110,Wetlands,302,PRJNA762108,Illumina NovaSeq 6000,China,Asia,22.39 N 113.31 E,22.39,113.31
SRR16106681,Wetlands,300,PRJNA767118,Illumina HiSeq 2500,China,Asia,22.49048333 N 109.76373055 E,22.49048333,109.7637306
SRR16106686,Wetlands,300,PRJNA767118,Illumina HiSeq 2500,China,Asia,21.49548333 N 109.76373055 E,21.49548333,109.7637306
SRR16106687,Wetlands,300,PRJNA767118,Illumina HiSeq 2500,China,Asia,21.49052777 N 109.76373055 E,21.49052777,109.7637306
SRR16106688,Wetlands,300,PRJNA767118,Illumina HiSeq 2500,China,Asia,21.49027777 N 109.76373055 E,21.49027777,109.7637306
SRR16106689,Wetlands,300,PRJNA767118,Illumina HiSeq 2500,China,Asia,21.49048333 N 109.76373055 E,21.49048333,109.7637306
SRR20746678,Wetlands,300,PRJNA816601,Illumina NovaSeq 6000,Australia,Oceania,34.930506 S 138.51958 E,-34.930506,138.51958
SRR20746680,Wetlands,300,PRJNA816601,Illumina NovaSeq 6000,Australia,Oceania,34.928642 S 138.52174 E,-34.928642,138.52174
SRR20746686,Wetlands,300,PRJNA816601,Illumina NovaSeq 6000,Australia,Oceania,34.93314 S 138.51056 E,-34.93314,138.51056
SRR20746688,Wetlands,300,PRJNA816601,Illumina NovaSeq 6000,Australia,Oceania,34.930506 S 138.51958 E,-34.930506,138.51958
SRR20746689,Wetlands,300,PRJNA816601,Illumina NovaSeq 6000,Australia,Oceania,34.928722 S 138.522005 E,-34.928722,138.522005
SRR20746690,Wetlands,300,PRJNA816601,Illumina NovaSeq 6000,Australia,Oceania,34.928642 S 138.52174 E,-34.928642,138.52174
SRR20746693,Wetlands,300,PRJNA816601,Illumina NovaSeq 6000,Australia,Oceania,34.934353 S 138.504578 E,-34.934353,138.504578
SRR20746694,Wetlands,300,PRJNA816601,Illumina NovaSeq 6000,Australia,Oceania,34.93413 S 138.50452 E,-34.93413,138.50452
SRR20746697,Wetlands,300,PRJNA816601,Illumina NovaSeq 6000,Australia,Oceania,34.934353 S 138.504578 E,-34.934353,138.504578
SRR20746698,Wetlands,300,PRJNA816601,Illumina NovaSeq 6000,Australia,Oceania,34.93413 S 138.50452 E,-34.93413,138.50452
SRR18644989,Wetlands,302,PRJNA823681,Illumina NovaSeq 6000,Malaysia,Asia,1.410703 N 103.991095 E,1.410703,103.991095
SRR18644983,Wetlands,302,PRJNA823681,Illumina NovaSeq 6000,Malaysia,Asia,1.410703 N 103.991095 E,1.410703,103.991095
SRR18644985,Wetlands,302,PRJNA823681,Illumina NovaSeq 6000,Malaysia,Asia,1.410703 N 103.991095 E,1.410703,103.991095
SRR18644982,Wetlands,302,PRJNA823681,Illumina NovaSeq 6000,Malaysia,Asia,1.410703 N 103.991095 E,1.410703,103.991095
SRR18644987,Wetlands,302,PRJNA823681,Illumina NovaSeq 6000,Malaysia,Asia,1.410703 N 103.991095 E,1.410703,103.991095
SRR18644981,Wetlands,302,PRJNA823681,Illumina NovaSeq 6000,Malaysia,Asia,1.410703 N 103.991095 E,1.410703,103.991095
SRR18644984,Wetlands,302,PRJNA823681,Illumina NovaSeq 6000,Malaysia,Asia,1.410703 N 103.991095 E,1.410703,103.991095
SRR18644948,Wetlands,302,PRJNA823681,Illumina NovaSeq 6000,Malaysia,Asia,1.211727 N 103.758781 E,1.211727,103.758781
SRR18644953,Wetlands,302,PRJNA823681,Illumina NovaSeq 6000,Malaysia,Asia,1.211727 N 103.758781 E,1.211727,103.758781
SRR18644957,Wetlands,302,PRJNA823681,Illumina NovaSeq 6000,Malaysia,Asia,1.211727 N 103.758781 E,1.211727,103.758781
SRR19666933,Wetlands,300,PRJNA846364,Illumina NovaSeq 6000,China,Asia,27.53 N 99.39 E,27.53,99.39
SRR19666934,Wetlands,300,PRJNA846364,Illumina NovaSeq 6000,China,Asia,27.50 N 99.40 E,27.5,99.4
SRR19666935,Wetlands,300,PRJNA846364,Illumina NovaSeq 6000,China,Asia,27.50 N 99.40 E,27.5,99.4
SRR19666936,Wetlands,300,PRJNA846364,Illumina NovaSeq 6000,China,Asia,27.50 N 99.40 E,27.5,99.4
SRR19666937,Wetlands,300,PRJNA846364,Illumina NovaSeq 6000,China,Asia,27.50 N 99.40 E,27.5,99.4
SRR19666938,Wetlands,300,PRJNA846364,Illumina NovaSeq 6000,China,Asia,27.49 N 99.38 E,27.49,99.38
SRR19666939,Wetlands,300,PRJNA846364,Illumina NovaSeq 6000,China,Asia,27.49 N 99.38 E,27.49,99.38
SRR19666940,Wetlands,300,PRJNA846364,Illumina NovaSeq 6000,China,Asia,27.48 N 99.40 E,27.48,99.4
SRR19666941,Wetlands,300,PRJNA846364,Illumina NovaSeq 6000,China,Asia,27.48 N 99.39 E,27.48,99.39
SRR19627608,Wetlands,302,PRJNA847709,Illumina NovaSeq 6000,China,Asia,21.55417 N 109.679167 E,21.55417,109.679167
SRR19627609,Wetlands,302,PRJNA847709,Illumina NovaSeq 6000,China,Asia,21.42139 N 109.205278 E,21.42139,109.205278
SRR19627610,Wetlands,302,PRJNA847709,Illumina NovaSeq 6000,China,Asia,22.52611 N 114.003611 E,22.52611,114.003611
SRR19627612,Wetlands,302,PRJNA847709,Illumina NovaSeq 6000,China,Asia,22.49444 N 114.575 E,22.49444,114.575
SRR19627614,Wetlands,302,PRJNA847709,Illumina NovaSeq 6000,China,Asia,18.22389 N 109.618611 E,18.22389,109.618611
SRR19627618,Wetlands,302,PRJNA847709,Illumina NovaSeq 6000,China,Asia,23.91944 N 117.418889 E,23.91944,117.418889
SRR21398026,Wetlands,300,PRJNA863385,Illumina NovaSeq 6000,China,Asia,23.9860 N 117.4201 E,23.986,117.4201
SRR21398027,Wetlands,300,PRJNA863385,Illumina NovaSeq 6000,China,Asia,23.9860 N 117.4200 E,23.986,117.42
SRR21398042,Wetlands,300,PRJNA863385,Illumina NovaSeq 6000,China,Asia,21.1531 N 110.4389 E,21.1531,110.4389
SRR21398043,Wetlands,300,PRJNA863385,Illumina NovaSeq 6000,China,Asia,21.1531 N 110.4388 E,21.1531,110.4388
SRR21398044,Wetlands,300,PRJNA863385,Illumina NovaSeq 6000,China,Asia,21.1531 N 110.4386 E,21.1531,110.4386
SRR21398045,Wetlands,300,PRJNA863385,Illumina NovaSeq 6000,China,Asia,23.9860 N 117.4203 E,23.986,117.4203
SRR21398046,Wetlands,300,PRJNA863385,Illumina NovaSeq 6000,China,Asia,23.9860 N 117.4202 E,23.986,117.4202
DZ1B,Wetlands,300,This study,Illumina HiSeq 2500,China,Asia,19.949167 N 110.576000 E,19.949167,110.576
DZ2M,Wetlands,300,This study,Illumina HiSeq 2500,China,Asia,19.949167 N 110.576000 E,19.949167,110.576
H03B,Wetlands,300,This study,Illumina HiSeq 2500,China,Asia,21.153000 N 110.438797 E,21.153,110.438797
QM01A_25-30,Wetlands,300,This study,Illumina HiSeq 2500,China,Asia,18.220833 N 109.615278 E,18.220833,109.615278
Z2-45-50,Wetlands,300,This study,Illumina HiSeq 2500,China,Asia,20.984496 N 110.166804 E,20.984496,110.166804
SRR5817588,Wetlands,302,PRJNA338276,Illumina HiSeq 2000,USA,North America,41.382783 N 82.51465 W,41.382783,-82.51465
SRR5817589,Wetlands,302,PRJNA338276,Illumina HiSeq 2000,USA,North America,41.382783 N 82.51465 W,41.382783,-82.51465
SRR5817590,Wetlands,302,PRJNA338276,Illumina HiSeq 2000,USA,North America,41.382783 N 82.51465 W,41.382783,-82.51465
SRR5198901,Wetlands,502,PRJNA362960,Illumina HiSeq 2500,USA,North America,38.1072 N 121.6485 W,38.1072,-121.6485
SRR5198903,Wetlands,300,PRJNA362960,Illumina HiSeq 2000,USA,North America,38.1072 N 121.6485 W,38.1072,-121.6485
SRR5209943,Wetlands,302,PRJNA365331,Illumina HiSeq 2500,USA,North America,37.4969 N 122.1331 W,37.4969,-122.1331
SRR5209944,Wetlands,302,PRJNA365332,Illumina HiSeq 2500,USA,North America,37.4969 N 122.1331 W,37.4969,-122.1331
SRR5209942,Wetlands,302,PRJNA365333,Illumina HiSeq 2500,USA,North America,37.4968 N 122.1333 W,37.4968,-122.1333
SRR5209946,Wetlands,302,PRJNA365334,Illumina HiSeq 2500,USA,North America,37.4968 N 122.1333 W,37.4968,-122.1333
SRR14626311,Wetlands,302,PRJNA365335,Illumina HiSeq 2500,USA,North America,37.4971 N 122.1330 W,37.4971,-122.133
SRR5468416,Wetlands,302,PRJNA365336,Illumina HiSeq 2500,USA,North America,37.4971 N 122.1330 W,37.4971,-122.133
SRR5468419,Wetlands,302,PRJNA365337,Illumina HiSeq 2500,USA,North America,37.4958 N 122.1331 W,37.4958,-122.1331
SRR14626312,Wetlands,302,PRJNA365338,Illumina HiSeq 2500,USA,North America,37.4958 N 122.1331 W,37.4958,-122.1331
SRR5210208,Wetlands,302,PRJNA365340,Illumina HiSeq 2500,USA,North America,37.4965 N 122.1330 W,37.4965,-122.133
SRR10375808,Wetlands,302,PRJNA365341,Illumina HiSeq 2500,USA,North America,37.4965 N 122.1330 W,37.4965,-122.133
SRR5210210,Wetlands,302,PRJNA365342,Illumina HiSeq 2500,USA,North America,37.4958 N 122.1331 W,37.4958,-122.1331
SRR5210213,Wetlands,302,PRJNA365343,Illumina HiSeq 2500,USA,North America,37.4958 N 122.1331 W,37.4958,-122.1331
SRR5210216,Wetlands,302,PRJNA365346,Illumina HiSeq 2500,USA,North America,37.4965 N 122.1330 W,37.4965,-122.133
SRR5209947,Wetlands,302,PRJNA365348,Illumina HiSeq 2500,USA,North America,37.4969 N 122.1331 W,37.4969,-122.1331
SRR14626313,Wetlands,302,PRJNA365349,Illumina HiSeq 2500,USA,North America,37.4971 N 122.1330 W,37.4971,-122.133
SRR5210317,Wetlands,302,PRJNA365350,Illumina HiSeq 2500,USA,North America,37.4971 N 122.1290 W,37.4971,-122.129
SRR5468418,Wetlands,302,PRJNA365353,Illumina HiSeq 2500,USA,North America,37.4960 N 122.1329 W,37.496,-122.1329
SRR5210212,Wetlands,302,PRJNA365354,Illumina HiSeq 2500,USA,North America,37.4960 N 122.1329 W,37.496,-122.1329
SRR5210316,Wetlands,302,PRJNA365355,Illumina HiSeq 2500,USA,North America,37.4965 N 122.1329 W,37.4965,-122.1329
SRR5210470,Wetlands,302,PRJNA365356,Illumina HiSeq 2500,USA,North America,37.4965 N 122.1329 W,37.4965,-122.1329
SRR14626156,Wetlands,302,PRJNA365360,Illumina HiSeq 2500,USA,North America,37.4971 N 122.1290 W,37.4971,-122.129
SRR5210466,Wetlands,302,PRJNA365361,Illumina HiSeq 2500,USA,North America,37.4971 N 122.1290 W,37.4971,-122.129
SRR5210468,Wetlands,302,PRJNA365363,Illumina HiSeq 2500,USA,North America,37.4973 N 122.1295 W,37.4973,-122.1295
SRR5246785,Wetlands,300,PRJNA366360,Illumina HiSeq 2000,USA,North America,38.1070 N 121.6475 W,38.107,-121.6475
SRR5246790,Wetlands,300,PRJNA366364,Illumina HiSeq 2000,USA,North America,38.1075 N 121.6497 W,38.1075,-121.6497
SRR5246791,Wetlands,300,PRJNA366364,Illumina HiSeq 2000,USA,North America,38.1075 N 121.6497 W,38.1075,-121.6497
SRR5476650,Wetlands,302,PRJNA367439,Illumina HiSeq 2500,USA,North America,41.2239 N 82.3039 W,41.2239,-82.3039
SRR5476985,Wetlands,302,PRJNA367440,Illumina HiSeq 2500,USA,North America,41.2240 N 82.3040 W,41.224,-82.304
SRR5476986,Wetlands,302,PRJNA367441,Illumina HiSeq 2500,USA,North America,41.2240 N 82.3040 W,41.224,-82.304
SRR6047969,Wetlands,302,PRJNA405726,Illumina HiSeq 2500,USA,North America,46.6972164 N 92.3279105 W,46.6972164,-92.3279105
SRR6056297,Wetlands,302,PRJNA405998,Illumina HiSeq 2500,USA,North America,37.4961 N 122.1331 W,37.4961,-122.1331
SRR6056296,Wetlands,302,PRJNA405999,Illumina HiSeq 2500,USA,North America,37.4968 N 122.1333 W,37.4968,-122.1333
SRR6056300,Wetlands,302,PRJNA406000,Illumina HiSeq 2500,USA,North America,37.4972 N 122.1293 W,37.4972,-122.1293
SRR6056278,Wetlands,302,PRJNA406002,Illumina HiSeq 2500,USA,North America,37.4972 N 122.1293 W,37.4972,-122.1293
SRR6056298,Wetlands,302,PRJNA406003,Illumina HiSeq 2500,USA,North America,37.4973 N 122.1295 W,37.4973,-122.1295
SRR6436070,Wetlands,302,PRJNA406094,Illumina HiSeq 2500,USA,North America,41.3778 N 82.5108 W,41.3778,-82.5108
SRR6436091,Wetlands,302,PRJNA406094,Illumina HiSeq 2500,USA,North America,41.3778 N 82.5108 W,41.3778,-82.5108
SRR6824232,Wetlands,302,PRJNA406784,Illumina HiSeq 2500,USA,North America,31.9720 N 81.0280 W,31.972,-81.028
SRR6977656,Wetlands,302,PRJNA443833,Illumina HiSeq 2500,USA,North America,31.9720 N 81.0280 W,31.972,-81.028
SRR6977655,Wetlands,302,PRJNA443834,Illumina HiSeq 2500,USA,North America,31.9720 N 81.0280 W,31.972,-81.028
SRR6978760,Wetlands,302,PRJNA443836,Illumina HiSeq 2500,USA,North America,31.9720 N 81.0280 W,31.972,-81.028
SRR6978759,Wetlands,302,PRJNA443837,Illumina HiSeq 2500,USA,North America,31.9720 N 81.0280 W,31.972,-81.028
SRR6978758,Wetlands,302,PRJNA443840,Illumina HiSeq 2500,USA,North America,31.9720 N 81.0280 W,31.972,-81.028
SRR6979426,Wetlands,302,PRJNA443841,Illumina HiSeq 2500,USA,North America,31.9720 N 81.0280 W,31.972,-81.028
SRR6979289,Wetlands,302,PRJNA443842,Illumina HiSeq 2500,USA,North America,31.9720 N 81.0280 W,31.972,-81.028
SRR6979552,Wetlands,302,PRJNA443844,Illumina HiSeq 2500,USA,North America,31.9720 N 81.0280 W,31.972,-81.028
SRR6979550,Wetlands,302,PRJNA443845,Illumina HiSeq 2500,USA,North America,31.9720 N 81.0280 W,31.972,-81.028
SRR6979585,Wetlands,302,PRJNA443846,Illumina HiSeq 2500,USA,North America,31.9720 N 81.0280 W,31.972,-81.028
SRR6979553,Wetlands,302,PRJNA443847,Illumina HiSeq 2500,USA,North America,31.9720 N 81.0280 W,31.972,-81.028
SRR6979610,Wetlands,302,PRJNA443848,Illumina HiSeq 2500,USA,North America,31.9720 N 81.0280 W,31.972,-81.028
SRR6980406,Wetlands,302,PRJNA443850,Illumina HiSeq 2500,USA,North America,31.9720 N 81.0280 W,31.972,-81.028
SRR7148980,Wetlands,302,PRJNA465659,Illumina HiSeq 2500,USA,North America,31.9720 N 81.0280 W,31.972,-81.028
SRR7148981,Wetlands,302,PRJNA465660,Illumina HiSeq 2500,USA,North America,31.9720 N 81.0280 W,31.972,-81.028
SRR7149128,Wetlands,302,PRJNA465661,Illumina HiSeq 2500,USA,North America,31.9720 N 81.0280 W,31.972,-81.028
SRR7149136,Wetlands,302,PRJNA465662,Illumina HiSeq 2500,USA,North America,31.9720 N 81.0280 W,31.972,-81.028
SRR7149135,Wetlands,302,PRJNA465663,Illumina HiSeq 2500,USA,North America,31.9720 N 81.0280 W,31.972,-81.028
SRR7151428,Wetlands,302,PRJNA465664,Illumina HiSeq 2500,USA,North America,31.9720 N 81.0280 W,31.972,-81.028
SRR7151429,Wetlands,302,PRJNA465665,Illumina HiSeq 2500,USA,North America,31.9720 N 81.0280 W,31.972,-81.028
SRR7151887,Wetlands,302,PRJNA465666,Illumina HiSeq 2500,USA,North America,31.9720 N 81.0280 W,31.972,-81.028
SRR7152121,Wetlands,302,PRJNA465667,Illumina HiSeq 2500,USA,North America,31.9720 N 81.0280 W,31.972,-81.028
SRR7152120,Wetlands,302,PRJNA465668,Illumina HiSeq 2500,USA,North America,31.9720 N 81.0280 W,31.972,-81.028
SRR7152119,Wetlands,302,PRJNA465669,Illumina HiSeq 2500,USA,North America,31.9720 N 81.0280 W,31.972,-81.028
SRR7152251,Wetlands,302,PRJNA465670,Illumina HiSeq 2500,USA,North America,31.9720 N 81.0280 W,31.972,-81.028
SRR7152297,Wetlands,302,PRJNA465671,Illumina HiSeq 2500,USA,North America,31.9720 N 81.0280 W,31.972,-81.028
SRR7152353,Wetlands,302,PRJNA465672,Illumina HiSeq 2500,USA,North America,31.9720 N 81.0280 W,31.972,-81.028
SRR7152439,Wetlands,302,PRJNA465673,Illumina HiSeq 2500,USA,North America,31.9720 N 81.0280 W,31.972,-81.028
SRR7152452,Wetlands,302,PRJNA465674,Illumina HiSeq 2500,USA,North America,31.9720 N 81.0280 W,31.972,-81.028
SRR7152503,Wetlands,302,PRJNA465675,Illumina HiSeq 2500,USA,North America,31.9720 N 81.0280 W,31.972,-81.028
SRR7152504,Wetlands,302,PRJNA465676,Illumina HiSeq 2500,USA,North America,31.9720 N 81.0280 W,31.972,-81.028
SRR7152676,Wetlands,302,PRJNA465678,Illumina HiSeq 2500,USA,North America,31.9720 N 81.0280 W,31.972,-81.028
SRR7152869,Wetlands,302,PRJNA465679,Illumina HiSeq 2500,USA,North America,31.9720 N 81.0280 W,31.972,-81.028
SRR7152995,Wetlands,302,PRJNA465682,Illumina HiSeq 2500,USA,North America,31.9720 N 81.0280 W,31.972,-81.028
SRR7153117,Wetlands,302,PRJNA465683,Illumina HiSeq 2500,USA,North America,31.9720 N 81.0280 W,31.972,-81.028
SRR7154838,Wetlands,302,PRJNA465684,Illumina HiSeq 2500,USA,North America,31.9720 N 81.0280 W,31.972,-81.028
SRR7154800,Wetlands,302,PRJNA465685,Illumina HiSeq 2500,USA,North America,31.9720 N 81.0280 W,31.972,-81.028
SRR7154831,Wetlands,302,PRJNA465686,Illumina HiSeq 2500,USA,North America,31.9720 N 81.0280 W,31.972,-81.028
SRR7154798,Wetlands,302,PRJNA465687,Illumina HiSeq 2500,USA,North America,31.9720 N 81.0280 W,31.972,-81.028
SRR7154837,Wetlands,302,PRJNA465689,Illumina HiSeq 2500,USA,North America,31.9720 N 81.0280 W,31.972,-81.028
SRR7162755,Wetlands,302,PRJNA465690,Illumina HiSeq 2500,USA,North America,31.9720 N 81.0280 W,31.972,-81.028
SRR7162752,Wetlands,302,PRJNA465691,Illumina HiSeq 2500,USA,North America,31.9720 N 81.0280 W,31.972,-81.028
SRR7162754,Wetlands,302,PRJNA465692,Illumina HiSeq 2500,USA,North America,31.9720 N 81.0280 W,31.972,-81.028
SRR7497675,Wetlands,302,PRJNA465894,Illumina HiSeq 2500,USA,North America,35.9061 N 76.1569 W,35.9061,-76.1569
SRR7497677,Wetlands,302,PRJNA465895,Illumina HiSeq 2500,USA,North America,35.9061 N 76.1569 W,35.9061,-76.1569
SRR7497678,Wetlands,302,PRJNA465896,Illumina HiSeq 2500,USA,North America,35.9061 N 76.1569 W,35.9061,-76.1569
SRR7497679,Wetlands,302,PRJNA465897,Illumina HiSeq 2500,USA,North America,35.9061 N 76.1569 W,35.9061,-76.1569
SRR7497680,Wetlands,302,PRJNA465898,Illumina HiSeq 2500,USA,North America,35.9061 N 76.1569 W,35.9061,-76.1569
SRR7497728,Wetlands,302,PRJNA465899,Illumina HiSeq 2500,USA,North America,35.9061 N 76.1569 W,35.9061,-76.1569
SRR7497722,Wetlands,302,PRJNA465900,Illumina HiSeq 2500,USA,North America,35.9061 N 76.1569 W,35.9061,-76.1569
SRR7497727,Wetlands,302,PRJNA465902,Illumina HiSeq 2500,USA,North America,35.9061 N 76.1569 W,35.9061,-76.1569
SRR7497946,Wetlands,302,PRJNA465903,Illumina HiSeq 2500,USA,North America,35.9061 N 76.1569 W,35.9061,-76.1569
SRR7497948,Wetlands,302,PRJNA465904,Illumina HiSeq 2500,USA,North America,35.9061 N 76.1569 W,35.9061,-76.1569
SRR7497947,Wetlands,302,PRJNA465905,Illumina HiSeq 2500,USA,North America,35.9061 N 76.1569 W,35.9061,-76.1569
SRR7498026,Wetlands,302,PRJNA465906,Illumina HiSeq 2500,USA,North America,35.9061 N 76.1569 W,35.9061,-76.1569
SRR7498049,Wetlands,302,PRJNA465907,Illumina HiSeq 2500,USA,North America,35.9061 N 76.1569 W,35.9061,-76.1569
SRR7498056,Wetlands,302,PRJNA465909,Illumina HiSeq 2500,USA,North America,35.9061 N 76.1569 W,35.9061,-76.1569
SRR7498050,Wetlands,302,PRJNA465910,Illumina HiSeq 2500,USA,North America,35.9061 N 76.1569 W,35.9061,-76.1569
SRR7499255,Wetlands,302,PRJNA465911,Illumina HiSeq 2500,USA,North America,35.9061 N 76.1569 W,35.9061,-76.1569
SRR7499979,Wetlands,302,PRJNA465914,Illumina HiSeq 2500,USA,North America,35.9061 N 76.1569 W,35.9061,-76.1569
SRR7499980,Wetlands,302,PRJNA465915,Illumina HiSeq 2500,USA,North America,35.9061 N 76.1569 W,35.9061,-76.1569
SRR7500322,Wetlands,302,PRJNA465916,Illumina HiSeq 2500,USA,North America,35.9061 N 76.1569 W,35.9061,-76.1569
SRR7500465,Wetlands,302,PRJNA465917,Illumina HiSeq 2500,USA,North America,35.9061 N 76.1569 W,35.9061,-76.1569
SRR7963040,Wetlands,302,PRJNA469264,Illumina HiSeq 2500,USA,North America,31.3377 N 81.4644 W,31.3377,-81.4644
SRR7963043,Wetlands,302,PRJNA469265,Illumina HiSeq 2500,USA,North America,31.3377 N 81.4644 W,31.3377,-81.4644
SRR7963107,Wetlands,302,PRJNA469266,Illumina HiSeq 2500,USA,North America,31.3377 N 81.4644 W,31.3377,-81.4644
SRR10968141,Wetlands,302,PRJNA567119,Illumina NovaSeq 6000,USA,North America,64.9095 N 147.9448 W,64.9095,-147.9448
SRR11837213,Wetlands,302,PRJNA618890,Illumina NovaSeq 6000,USA,North America,35.8959 N 76.1658 W,35.8959,-76.1658
SRR11837214,Wetlands,302,PRJNA618891,Illumina NovaSeq 6000,USA,North America,35.8956 N 76.1655 W,35.8956,-76.1655
SRR11837216,Wetlands,302,PRJNA618892,Illumina NovaSeq 6000,USA,North America,35.8959 N 76.1658 W,35.8959,-76.1658
SRR11837300,Wetlands,302,PRJNA618893,Illumina NovaSeq 6000,USA,North America,35.8956 N 76.1655 W,35.8956,-76.1655
SRR11837301,Wetlands,302,PRJNA618894,Illumina NovaSeq 6000,USA,North America,35.8956 N 76.1655 W,35.8956,-76.1655
SRR11837302,Wetlands,302,PRJNA618895,Illumina NovaSeq 6000,USA,North America,35.8959 N 76.1658 W,35.8959,-76.1658
SRR11837370,Wetlands,302,PRJNA618896,Illumina NovaSeq 6000,USA,North America,35.8956 N 76.1655 W,35.8956,-76.1655
SRR11837387,Wetlands,302,PRJNA618897,Illumina NovaSeq 6000,USA,North America,35.8959 N 76.1658 W,35.8959,-76.1658
SRR11837388,Wetlands,302,PRJNA618898,Illumina NovaSeq 6000,USA,North America,35.8959 N 76.1658 W,35.8959,-76.1658
SRR11837389,Wetlands,302,PRJNA618899,Illumina NovaSeq 6000,USA,North America,35.8959 N 76.1658 W,35.8959,-76.1658
SRR11837390,Wetlands,302,PRJNA618900,Illumina NovaSeq 6000,USA,North America,35.8956 N 76.1655 W,35.8956,-76.1655
SRR11837391,Wetlands,302,PRJNA618901,Illumina NovaSeq 6000,USA,North America,35.8956 N 76.1655 W,35.8956,-76.1655
SRR11837428,Wetlands,302,PRJNA618951,Illumina NovaSeq 6000,USA,North America,35.8959 N 76.1658 W,35.8959,-76.1658
SRR11837452,Wetlands,302,PRJNA618952,Illumina NovaSeq 6000,USA,North America,35.8959 N 76.1658 W,35.8959,-76.1658
SRR11837429,Wetlands,302,PRJNA618953,Illumina NovaSeq 6000,USA,North America,35.8956 N 76.1655 W,35.8956,-76.1655
SRR11837453,Wetlands,302,PRJNA618954,Illumina NovaSeq 6000,USA,North America,35.8956 N 76.1655 W,35.8956,-76.1655
SRR11837467,Wetlands,302,PRJNA618955,Illumina NovaSeq 6000,USA,North America,35.8956 N 76.1655 W,35.8956,-76.1655
SRR11837469,Wetlands,302,PRJNA618957,Illumina NovaSeq 6000,USA,North America,35.8959 N 76.1658 W,35.8959,-76.1658
SRR11837470,Wetlands,302,PRJNA618958,Illumina NovaSeq 6000,USA,North America,35.8959 N 76.1658 W,35.8959,-76.1658
SRR11837471,Wetlands,302,PRJNA618959,Illumina NovaSeq 6000,USA,North America,35.8956 N 76.1655 W,35.8956,-76.1655
SRR11837711,Wetlands,302,PRJNA618960,Illumina NovaSeq 6000,USA,North America,35.8956 N 76.1655 W,35.8956,-76.1655
SRR11837737,Wetlands,302,PRJNA618961,Illumina NovaSeq 6000,USA,North America,35.8959 N 76.1658 W,35.8959,-76.1658
SRR11837712,Wetlands,302,PRJNA618962,Illumina NovaSeq 6000,USA,North America,35.8959 N 76.1658 W,35.8959,-76.1658
SRR12172649,Wetlands,304,PRJNA644538,Illumina HiSeq 2500,USA,North America,47.5 N 93.45 W,47.5,-93.45
SRR12172648,Wetlands,304,PRJNA644538,Illumina HiSeq 2500,USA,North America,47.5 N 93.45 W,47.5,-93.45
SRR13768066,Wetlands,302,PRJNA703972,Illumina NovaSeq 6000,USA,North America,31.38957 N 81.27657 W,31.38957,-81.27657
SRR13768059,Wetlands,302,PRJNA703972,Illumina NovaSeq 6000,USA,North America,31.39001 N 81.2758 W,31.39001,-81.2758
SRR13768069,Wetlands,302,PRJNA703972,Illumina NovaSeq 6000,USA,North America,31.38892 N 81.27632 W,31.38892,-81.27632
SRR13768073,Wetlands,302,PRJNA703972,Illumina NovaSeq 6000,USA,North America,31.3889 N 81.2776 W,31.3889,-81.2776
SRR13768053,Wetlands,302,PRJNA703972,Illumina NovaSeq 6000,USA,North America,31.3887 N 81.2769 W,31.3887,-81.2769
SRR13768056,Wetlands,302,PRJNA703972,Illumina NovaSeq 6000,USA,North America,31.3894 N 81.2776 W,31.3894,-81.2776
SRR13768050,Wetlands,302,PRJNA703972,Illumina NovaSeq 6000,USA,North America,31.3893 N 81.2771 W,31.3893,-81.2771
SRR13768063,Wetlands,302,PRJNA703972,Illumina NovaSeq 6000,USA,North America,31.38904 N 81.27569 W,31.38904,-81.27569
SRR15677234,Wetlands,476,PRJNA728365,Illumina NovaSeq 6000,USA,North America,38.41 N 122.31 W,38.41,-122.31
SRR15677224,Wetlands,479,PRJNA728365,Illumina NovaSeq 6000,USA,North America,38.41 N 122.31 W,38.41,-122.31
SRR15677231,Wetlands,466,PRJNA728365,Illumina NovaSeq 6000,USA,North America,38.41 N 122.31 W,38.41,-122.31
SRR15677225,Wetlands,474,PRJNA728365,Illumina NovaSeq 6000,USA,North America,38.41 N 122.31 W,38.41,-122.31
SRR15677230,Wetlands,480,PRJNA728365,Illumina NovaSeq 6000,USA,North America,38.41 N 122.31 W,38.41,-122.31
SRR15677227,Wetlands,475,PRJNA728365,Illumina NovaSeq 6000,USA,North America,38.41 N 122.31 W,38.41,-122.31
SRR15677229,Wetlands,474,PRJNA728365,Illumina NovaSeq 6000,USA,North America,38.41 N 122.31 W,38.41,-122.31
SRR15677228,Wetlands,477,PRJNA728365,Illumina NovaSeq 6000,USA,North America,38.41 N 122.31 W,38.41,-122.31
SRR15677232,Wetlands,476,PRJNA728365,Illumina NovaSeq 6000,USA,North America,38.41 N 122.31 W,38.41,-122.31
SRR15532675,Wetlands,302,PRJNA756367,Illumina NovaSeq 6000,USA,North America,41.3778 N 82.5108 W,41.3778,-82.5108
SRR15532676,Wetlands,302,PRJNA756367,Illumina NovaSeq 6000,USA,North America,41.3778 N 82.5108 W,41.3778,-82.5108
SRR15532677,Wetlands,302,PRJNA756367,Illumina NovaSeq 6000,USA,North America,41.3778 N 82.5108 W,41.3778,-82.5108
SRR15532678,Wetlands,302,PRJNA756367,Illumina NovaSeq 6000,USA,North America,41.3778 N 82.5108 W,41.3778,-82.5108
SRR15532679,Wetlands,302,PRJNA756367,Illumina NovaSeq 6000,USA,North America,41.3778 N 82.5108 W,41.3778,-82.5108
SRR15532680,Wetlands,302,PRJNA756367,Illumina NovaSeq 6000,USA,North America,41.3778 N 82.5108 W,41.3778,-82.5108
SRR15532681,Wetlands,302,PRJNA756367,Illumina NovaSeq 6000,USA,North America,41.3840 N 82.5130 W,41.384,-82.513
SRR15532682,Wetlands,302,PRJNA756367,Illumina NovaSeq 6000,USA,North America,41.3840 N 82.5130 W,41.384,-82.513
SRR22197666,Wetlands,302,PRJNA898361,Illumina HiSeq 4000,USA,North America,41.068613 N 74.014214 W,41.068613,-74.014214
SRR22197661,Wetlands,302,PRJNA898361,Illumina HiSeq 4000,USA,North America,41.068613 N 74.014214 W,41.068613,-74.014214
SRR8556257,Wetlands,302,PRJNA518257,Illumina NovaSeq 6000,USA,North America,42.759 N 70.891 W,42.759,-70.891
SRR8556254,Wetlands,302,PRJNA518258,Illumina NovaSeq 6000,USA,North America,42.759 N 70.891 W,42.759,-70.891
SRR8556427,Wetlands,302,PRJNA518259,Illumina NovaSeq 6000,USA,North America,42.759 N 70.891 W,42.759,-70.891
SRR8556428,Wetlands,302,PRJNA518260,Illumina NovaSeq 6000,USA,North America,42.759 N 70.891 W,42.759,-70.891
SRR8556600,Wetlands,302,PRJNA518262,Illumina NovaSeq 6000,USA,North America,42.759 N 70.891 W,42.759,-70.891
SRR8556601,Wetlands,302,PRJNA518263,Illumina NovaSeq 6000,USA,North America,42.759 N 70.891 W,42.759,-70.891
SRR8556609,Wetlands,302,PRJNA518265,Illumina NovaSeq 6000,USA,North America,42.759 N 70.891 W,42.759,-70.891
SRR8556606,Wetlands,302,PRJNA518266,Illumina NovaSeq 6000,USA,North America,42.759 N 70.891 W,42.759,-70.891
SRR8556611,Wetlands,302,PRJNA518267,Illumina NovaSeq 6000,USA,North America,42.759 N 70.891 W,42.759,-70.891
SRR8556696,Wetlands,302,PRJNA518268,Illumina NovaSeq 6000,USA,North America,42.759 N 70.891 W,42.759,-70.891
SRR8556701,Wetlands,302,PRJNA518270,Illumina NovaSeq 6000,USA,North America,42.759 N 70.891 W,42.759,-70.891
SRR8556706,Wetlands,302,PRJNA518272,Illumina NovaSeq 6000,USA,North America,42.759 N 70.891 W,42.759,-70.891
SRR8556705,Wetlands,302,PRJNA518273,Illumina NovaSeq 6000,USA,North America,42.759 N 70.891 W,42.759,-70.891
SRR8556703,Wetlands,302,PRJNA518274,Illumina NovaSeq 6000,USA,North America,42.759 N 70.891 W,42.759,-70.891
SRR8556771,Wetlands,302,PRJNA518275,Illumina NovaSeq 6000,USA,North America,42.759 N 70.891 W,42.759,-70.891
SRR8556772,Wetlands,302,PRJNA518277,Illumina NovaSeq 6000,USA,North America,42.759 N 70.891 W,42.759,-70.891
SRR8557033,Wetlands,302,PRJNA518278,Illumina NovaSeq 6000,USA,North America,42.759 N 70.891 W,42.759,-70.891
SRR8557363,Wetlands,302,PRJNA518281,Illumina NovaSeq 6000,USA,North America,42.759 N 70.891 W,42.759,-70.891
SRR8557365,Wetlands,302,PRJNA518283,Illumina NovaSeq 6000,USA,North America,42.722 N 70.891 W,42.722,-70.891
SRR8557364,Wetlands,302,PRJNA518284,Illumina NovaSeq 6000,USA,North America,42.722 N 70.891 W,42.722,-70.891
SRR8557488,Wetlands,302,PRJNA518285,Illumina NovaSeq 6000,USA,North America,42.722 N 70.891 W,42.722,-70.891
SRR9700687,Wetlands,302,PRJNA539482,Illumina NovaSeq 6000,USA,North America,42.722 N 70.847 W,42.722,-70.847
SRR9700626,Wetlands,302,PRJNA539483,Illumina NovaSeq 6000,USA,North America,42.722 N 70.847 W,42.722,-70.847
SRR9700623,Wetlands,302,PRJNA539484,Illumina NovaSeq 6000,USA,North America,42.722 N 70.847 W,42.722,-70.847
SRR9700688,Wetlands,302,PRJNA539485,Illumina NovaSeq 6000,USA,North America,42.722 N 70.847 W,42.722,-70.847
SRR9700529,Wetlands,302,PRJNA539486,Illumina NovaSeq 6000,USA,North America,42.722 N 70.847 W,42.722,-70.847
SRR9700625,Wetlands,302,PRJNA539487,Illumina NovaSeq 6000,USA,North America,42.722 N 70.847 W,42.722,-70.847
SRR9700627,Wetlands,302,PRJNA539488,Illumina NovaSeq 6000,USA,North America,42.722 N 70.847 W,42.722,-70.847
SRR9705675,Wetlands,302,PRJNA539490,Illumina NovaSeq 6000,USA,North America,42.722 N 70.847 W,42.722,-70.847
SRR9705733,Wetlands,302,PRJNA539492,Illumina NovaSeq 6000,USA,North America,42.722 N 70.847 W,42.722,-70.847
SRR9707467,Wetlands,302,PRJNA539495,Illumina NovaSeq 6000,USA,North America,42.722 N 70.847 W,42.722,-70.847
SRR9709000,Wetlands,302,PRJNA539498,Illumina NovaSeq 6000,USA,North America,42.722 N 70.847 W,42.722,-70.847
SRR9710038,Wetlands,302,PRJNA539499,Illumina NovaSeq 6000,USA,North America,42.722 N 70.847 W,42.722,-70.847
SRR9710522,Wetlands,302,PRJNA539500,Illumina NovaSeq 6000,USA,North America,42.722 N 70.847 W,42.722,-70.847
SRR9710542,Wetlands,302,PRJNA539501,Illumina NovaSeq 6000,USA,North America,42.722 N 70.847 W,42.722,-70.847
SRR9710561,Wetlands,302,PRJNA539502,Illumina NovaSeq 6000,USA,North America,42.759 N 70.847 W,42.759,-70.847
SRR9710702,Wetlands,302,PRJNA539503,Illumina NovaSeq 6000,USA,North America,42.722 N 70.847 W,42.722,-70.847
SRR9710701,Wetlands,302,PRJNA539504,Illumina NovaSeq 6000,USA,North America,42.722 N 70.847 W,42.722,-70.847
SRR9023183,Wetlands,302,PRJNA539593,Illumina NovaSeq 6000,USA,North America,42.759 N 70.891 W,42.759,-70.891
SRR11827248,Wetlands,302,PRJNA620414,Illumina NovaSeq 6000,USA,North America,42.7489 N 70.8243 W,42.7489,-70.8243
SRR11827249,Wetlands,302,PRJNA620415,Illumina NovaSeq 6000,USA,North America,42.7489 N 70.8243 W,42.7489,-70.8243
SRR11828457,Wetlands,302,PRJNA620416,Illumina NovaSeq 6000,USA,North America,42.7489 N 70.8243 W,42.7489,-70.8243
SRR11828592,Wetlands,302,PRJNA620417,Illumina NovaSeq 6000,USA,North America,42.7489 N 70.8243 W,42.7489,-70.8243
SRR11828804,Wetlands,302,PRJNA620420,Illumina NovaSeq 6000,USA,North America,42.7489 N 70.8243 W,42.7489,-70.8243
SRR11828890,Wetlands,302,PRJNA620421,Illumina NovaSeq 6000,USA,North America,42.7489 N 70.8243 W,42.7489,-70.8243
SRR11828899,Wetlands,302,PRJNA620423,Illumina NovaSeq 6000,USA,North America,42.7489 N 70.8243 W,42.7489,-70.8243
SRR11828906,Wetlands,302,PRJNA620424,Illumina NovaSeq 6000,USA,North America,42.7489 N 70.8243 W,42.7489,-70.8243
SRR11828907,Wetlands,302,PRJNA620425,Illumina NovaSeq 6000,USA,North America,42.7489 N 70.8243 W,42.7489,-70.8243
SRR11828957,Wetlands,302,PRJNA620426,Illumina NovaSeq 6000,USA,North America,42.7489 N 70.8243 W,42.7489,-70.8243
SRR11828972,Wetlands,302,PRJNA620427,Illumina NovaSeq 6000,USA,North America,42.7489 N 70.8243 W,42.7489,-70.8243
SRR11829000,Wetlands,302,PRJNA620428,Illumina NovaSeq 6000,USA,North America,42.7489 N 70.8243 W,42.7489,-70.8243
SRR11828999,Wetlands,302,PRJNA620429,Illumina NovaSeq 6000,USA,North America,42.7489 N 70.8243 W,42.7489,-70.8243
SRR11829002,Wetlands,302,PRJNA620430,Illumina NovaSeq 6000,USA,North America,42.7489 N 70.8243 W,42.7489,-70.8243
SRR11829098,Wetlands,302,PRJNA620431,Illumina NovaSeq 6000,USA,North America,42.7489 N 70.8243 W,42.7489,-70.8243
SRR11829104,Wetlands,302,PRJNA620433,Illumina NovaSeq 6000,USA,North America,42.7489 N 70.8243 W,42.7489,-70.8243
SRR11829145,Wetlands,302,PRJNA620434,Illumina NovaSeq 6000,USA,North America,42.7489 N 70.8243 W,42.7489,-70.8243
SRR11829146,Wetlands,302,PRJNA620435,Illumina NovaSeq 6000,USA,North America,42.7489 N 70.8243 W,42.7489,-70.8243
SRR11829259,Wetlands,302,PRJNA620436,Illumina NovaSeq 6000,USA,North America,42.7489 N 70.8243 W,42.7489,-70.8243
SRR11829268,Wetlands,302,PRJNA620437,Illumina NovaSeq 6000,USA,North America,42.7489 N 70.8243 W,42.7489,-70.8243
SRR12659808,Wetlands,302,PRJNA654833,Illumina NovaSeq 6000,USA,North America,42.7489 N 70.8243 W,42.7489,-70.8243
SRR12659820,Wetlands,302,PRJNA654834,Illumina NovaSeq 6000,USA,North America,42.7489 N 70.8243 W,42.7489,-70.8243
SRR12659818,Wetlands,302,PRJNA654835,Illumina NovaSeq 6000,USA,North America,42.7489 N 70.8243 W,42.7489,-70.8243
SRR9691030,Wetlands,300,PRJNA554750,Illumina NovaSeq 6000,China,Asia,37.3 N 96.86 E,37.3,96.86
SRR9691035,Wetlands,300,PRJNA554750,Illumina NovaSeq 6000,China,Asia,31.28 N 92.1 E,31.28,92.1
SRR9691036,Wetlands,300,PRJNA554750,Illumina NovaSeq 6000,China,Asia,36.43 N 94.86 E,36.43,94.86
SRR9691039,Wetlands,300,PRJNA554750,Illumina NovaSeq 6000,China,Asia,30.48 N 91.1 E,30.48,91.1
SRR9691022,Wetlands,300,PRJNA554750,Illumina NovaSeq 6000,China,Asia,30.29 N 104.29 E,30.29,104.29
SRR9691047,Wetlands,300,PRJNA554750,Illumina NovaSeq 6000,China,Asia,40.9 N 121.83 E,40.9,121.83
SRR9691052,Wetlands,300,PRJNA554750,Illumina NovaSeq 6000,China,Asia,43.62 N 116.71 E,43.62,116.71
SRR9691053,Wetlands,300,PRJNA554750,Illumina NovaSeq 6000,China,Asia,52.96 N 122.56 E,52.96,122.56
SRR9691055,Wetlands,300,PRJNA554750,Illumina NovaSeq 6000,China,Asia,48.26 N 134.66 E,48.26,134.66
SRR9691059,Wetlands,300,PRJNA554750,Illumina NovaSeq 6000,China,Asia,45.78 N 126.55 E,45.78,126.55
SRR9691020,Wetlands,300,PRJNA554750,Illumina NovaSeq 6000,China,Asia,37.03 N 99.75 E,37.03,99.75
SRR9691031,Wetlands,300,PRJNA554750,Illumina NovaSeq 6000,China,Asia,31.6 N 100 E,31.6,100
SRR9691038,Wetlands,300,PRJNA554750,Illumina NovaSeq 6000,China,Asia,36.88 N 101.02 E,36.88,101.02
SRR9691041,Wetlands,300,PRJNA554750,Illumina NovaSeq 6000,China,Asia,31.21 N 120.4 E,31.21,120.4
SRR9691042,Wetlands,300,PRJNA554750,Illumina NovaSeq 6000,China,Asia,30.88 N 105.39 E,30.88,105.39
SRR9691044,Wetlands,300,PRJNA554750,Illumina NovaSeq 6000,China,Asia,36.09 N 103.71 E,36.09,103.71
SRR9691045,Wetlands,300,PRJNA554750,Illumina NovaSeq 6000,China,Asia,33.23 N 118.33 E,33.23,118.33
SRR9691046,Wetlands,300,PRJNA554750,Illumina NovaSeq 6000,China,Asia,31.71 N 117.33 E,31.71,117.33
SRR9691048,Wetlands,300,PRJNA554750,Illumina NovaSeq 6000,China,Asia,40.86 N 108.85 E,40.86,108.85
SRR9691049,Wetlands,300,PRJNA554750,Illumina NovaSeq 6000,China,Asia,38.96 N 115.95 E,38.96,115.95
SRR9691050,Wetlands,300,PRJNA554750,Illumina NovaSeq 6000,China,Asia,38.56 N 106.19 E,38.56,106.19
SRR9691051,Wetlands,300,PRJNA554750,Illumina NovaSeq 6000,China,Asia,45.07 N 122.31 E,45.07,122.31
SRR9691054,Wetlands,300,PRJNA554750,Illumina NovaSeq 6000,China,Asia,49.32 N 117.67 E,49.32,117.67
SRR9691057,Wetlands,300,PRJNA554750,Illumina NovaSeq 6000,China,Asia,46.83 N 130.31 E,46.83,130.31
SRR9691058,Wetlands,300,PRJNA554750,Illumina NovaSeq 6000,China,Asia,46.53 N 125.19 E,46.53,125.19
SRR9691060,Wetlands,300,PRJNA554750,Illumina NovaSeq 6000,China,Asia,45.36 N 132.32 E,45.36,132.32
SRR10260007,Wetlands,300,PRJNA576996,Illumina NovaSeq 6000,China,Asia,45.36444 N 132.31889 E,45.36444,132.31889
SRR10260011,Wetlands,300,PRJNA576996,Illumina NovaSeq 6000,China,Asia,31.72722 N 121.23333 E,31.72722,121.23333
SRR10260012,Wetlands,300,PRJNA576996,Illumina NovaSeq 6000,China,Asia,30.89667 N 120.74278 E,30.89667,120.74278
SRR12444714,Wetlands,301,PRJNA626576,Illumina HiSeq 3000,China,Asia,47.59 N 133.64 E,47.59,133.64
SRR12445281,Wetlands,301,PRJNA626576,Illumina HiSeq 3000,China,Asia,44.35 N 122.33 E,44.35,122.33
SRR13162653,Wetlands,302,PRJNA681370,Illumina NovaSeq 6000,China,Asia,31.15 N 119.11 E,31.15,119.11
SRR13162655,Wetlands,302,PRJNA681370,Illumina NovaSeq 6000,China,Asia,31.16 N 119.12 E,31.16,119.12
SRR13162651,Wetlands,302,PRJNA681370,Illumina NovaSeq 6000,China,Asia,31.17 N 119.13 E,31.17,119.13
SRR13162652,Wetlands,302,PRJNA681370,Illumina NovaSeq 6000,China,Asia,31.16 N 119.12 E,31.16,119.12
SRR13162656,Wetlands,302,PRJNA681370,Illumina NovaSeq 6000,China,Asia,31.15 N 119.11 E,31.15,119.11
SRR13162654,Wetlands,302,PRJNA681370,Illumina NovaSeq 6000,China,Asia,31.17 N 119.13 E,31.17,119.13
SRR14454015,Wetlands,300,PRJNA725617,Illumina HiSeq 2500,China,Asia,40.00 N 116.39 E,40,116.39
SRR14454016,Wetlands,300,PRJNA725617,Illumina HiSeq 2500,China,Asia,40.00 N 116.39 E,40,116.39
SRR14454011,Wetlands,300,PRJNA725617,Illumina HiSeq 2500,China,Asia,40.00 N 116.39 E,40,116.39
SRR14454019,Wetlands,300,PRJNA725617,Illumina HiSeq 2500,China,Asia,40.00 N 116.39 E,40,116.39
SRR14454020,Wetlands,300,PRJNA725617,Illumina HiSeq 2500,China,Asia,40.00 N 116.39 E,40,116.39
SRR14454010,Wetlands,300,PRJNA725617,Illumina HiSeq 2500,China,Asia,40.00 N 116.39 E,40,116.39
SRR16547338,Wetlands,300,PRJNA773918,HiSeq X Ten,China,Asia,47.16 N 124.21 E,47.16,124.21
SRR16547339,Wetlands,300,PRJNA773918,HiSeq X Ten,China,Asia,47.16 N 124.21 E,47.16,124.21
SRR16547334,Wetlands,300,PRJNA773918,HiSeq X Ten,China,Asia,47.16 N 124.21 E,47.16,124.21
SRR16547337,Wetlands,300,PRJNA773918,HiSeq X Ten,China,Asia,47.16 N 124.21 E,47.16,124.21
SRR16547335,Wetlands,300,PRJNA773918,HiSeq X Ten,China,Asia,47.16 N 124.21 E,47.16,124.21
SRR21120503,Wetlands,300,PRJNA869844,Illumina NovaSeq 6000,China,Asia,40.88 N 108.85 E,40.88,108.85
SRR21120502,Wetlands,300,PRJNA869844,Illumina NovaSeq 6000,China,Asia,40.88 N 108.85 E,40.88,108.85
SRR21120499,Wetlands,300,PRJNA869844,Illumina NovaSeq 6000,China,Asia,40.88 N 108.85 E,40.88,108.85
SRR21120501,Wetlands,300,PRJNA869844,Illumina NovaSeq 6000,China,Asia,40.88 N 108.85 E,40.88,108.85
SRR21120498,Wetlands,300,PRJNA869844,Illumina NovaSeq 6000,China,Asia,40.88 N 108.85 E,40.88,108.85
SRR21120495,Wetlands,300,PRJNA869844,Illumina NovaSeq 6000,China,Asia,40.88 N 108.85 E,40.88,108.85
SRR21120500,Wetlands,300,PRJNA869844,Illumina NovaSeq 6000,China,Asia,40.88 N 108.85 E,40.88,108.85
SRR21120496,Wetlands,300,PRJNA869844,Illumina NovaSeq 6000,China,Asia,40.88 N 108.85 E,40.88,108.85
SRR21120497,Wetlands,300,PRJNA869844,Illumina NovaSeq 6000,China,Asia,40.88 N 108.85 E,40.88,108.85
LH01,Wetlands,300,This study,Illumina HiSeq 2500,China,Asia,40.831950 N 121.890382 E,40.83195,121.890382
LH02,Wetlands,300,This study,Illumina HiSeq 2500,China,Asia,40.831950 N 121.890382 E,40.83195,121.890382